global_iso_id,nu,sw,elower,gamma_air,n_air,gamma_self,nu-err,sw-err,gamma_air-err,n_air-err,gamma_self-err,nu-ref,sw-ref,gamma_air-ref,n_air-ref,gamma_self-ref
26,143.047501,3.762e-45,11146.4859,0.0403,0.67,0.043,4,6,5,6,6,1727,1077,1331,226,1331
26,143.44127,3.368e-30,4809.6541,0.0408,0.67,0.043,6,7,5,2,6,1727,1077,1331,226,1331
26,144.412572,1.451e-40,9108.3901,0.0403,0.67,0.043,4,6,5,6,6,1727,1077,1331,226,1331
26,144.771419,1.937e-25,2690.9913,0.0408,0.67,0.043,6,7,5,2,6,1727,1077,1331,226,1331
26,145.777682,2.495e-35,7043.9492,0.0403,0.67,0.043,6,6,5,6,6,1727,1077,1331,226,1331
26,146.638323,2.374e-45,11289.5334,0.0399,0.67,0.042,4,6,5,6,6,1727,1077,1331,226,1331
26,147.142818,1.749e-30,4953.0954,0.0403,0.67,0.043,6,7,5,2,6,1727,1077,1331,226,1331
26,148.03841,6.751e-41,9252.8027,0.0399,0.67,0.042,4,6,5,6,6,1727,1077,1331,226,1331
26,148.507971,1.007e-25,2835.7627,0.0403,0.67,0.043,6,7,5,2,6,1727,1077,1331,226,1331
26,149.438532,1.254e-35,7189.7269,0.0399,0.67,0.042,6,6,5,6,6,1727,1077,1331,226,1331
26,150.838677,8.897e-31,5100.2382,0.0399,0.67,0.042,6,7,5,2,6,1727,1077,1331,226,1331
26,151.658412,3.043e-41,9400.8411,0.0395,0.67,0.042,4,6,5,6,6,1727,1077,1331,226,1331
26,152.238833,5.128e-26,2984.2707,0.0399,0.67,0.042,6,7,5,2,6,1727,1077,1331,226,1331
26,153.093548,6.167e-36,7339.1654,0.0395,0.67,0.042,6,6,5,6,6,1727,1077,1331,226,1331
26,154.528702,4.431e-31,5251.0769,0.0395,0.67,0.042,6,7,5,2,6,1727,1077,1331,226,1331
26,155.272436,1.325e-41,9552.4995,0.039,0.67,0.041,4,6,5,6,6,1727,1077,1331,226,1331
26,155.963863,2.558e-26,3136.5095,0.0395,0.67,0.042,6,7,5,2,6,1727,1077,1331,226,1331
26,156.742586,2.967e-36,7492.259,0.039,0.67,0.041,6,6,5,6,6,1727,1077,1331,226,1331
26,158.21275,2.161e-31,5405.6056,0.039,0.67,0.041,6,7,5,2,6,1727,1077,1331,226,1331
26,158.880336,5.559e-42,9707.7719,0.0386,0.67,0.041,4,6,5,6,6,1727,1077,1331,226,1331
26,159.682917,1.25e-26,3292.4734,0.039,0.67,0.041,6,7,5,2,6,1727,1077,1331,226,1331
26,160.385502,1.396e-36,7649.0015,0.0386,0.67,0.041,6,6,5,6,6,1727,1077,1331,226,1331
26,161.890678,1.032e-31,5563.8184,0.0386,0.67,0.041,6,7,5,2,6,1727,1077,1331,226,1331
26,162.481969,2.239e-42,9866.6523,0.0382,0.67,0.04,4,6,5,6,6,1727,1077,1331,226,1331
26,163.39585,5.984e-27,3452.1563,0.0386,0.67,0.041,6,7,5,2,6,1727,1077,1331,226,1331
26,164.022153,6.425e-37,7809.387,0.0382,0.67,0.04,6,6,5,6,6,1727,1077,1331,226,1331
26,165.562341,4.83e-32,5725.709,0.0382,0.67,0.04,6,7,5,2,6,1727,1077,1331,226,1331
26,166.077193,8.611e-43,10029.1342,0.0378,0.67,0.04,4,6,5,6,6,1727,1077,1331,226,1331
26,167.10252,2.806e-27,3615.5521,0.0382,0.67,0.04,6,7,5,2,6,1727,1077,1331,226,1331
26,167.652396,2.892e-37,7973.4092,0.0378,0.67,0.04,6,6,5,6,6,1727,1077,1331,226,1331
26,169.227597,2.214e-32,5891.2714,0.0378,0.67,0.04,6,7,5,2,6,1727,1077,1331,226,1331
26,169.665862,3.139e-43,10195.2114,0.0374,0.67,0.04,4,6,5,6,6,1727,1077,1331,226,1331
26,170.802783,1.29e-27,3782.6547,0.0378,0.67,0.04,6,7,5,2,6,1727,1077,1331,226,1331
26,171.276086,1.273e-37,8141.0616,0.0374,0.67,0.04,6,6,5,6,6,1727,1077,1331,226,1331
26,172.886302,9.936e-33,6060.499,0.0374,0.67,0.04,6,7,5,2,6,1727,1077,1331,226,1331
26,173.247836,1.072e-43,10364.8773,0.037,0.67,0.039,4,6,5,6,6,1727,1077,1331,226,1331
26,174.496497,5.808e-28,3953.4574,0.0374,0.67,0.04,6,7,5,2,6,1727,1077,1331,226,1331
26,174.893082,5.478e-38,8312.3377,0.037,0.67,0.039,6,6,5,6,6,1727,1077,1331,226,1331
26,176.538314,4.369e-33,6233.3853,0.037,0.67,0.039,6,7,5,2,6,1727,1077,1331,226,1331
26,176.822969,3.374e-44,10538.1251,0.0366,0.67,0.039,4,6,5,6,6,1727,1077,1331,226,1331
26,178.183519,2.563e-28,4127.9539,0.037,0.67,0.039,6,7,5,2,6,1727,1077,1331,226,1331
26,178.50324,2.304e-38,8487.2308,0.0366,0.67,0.039,6,6,5,6,6,1727,1077,1331,226,1331
26,180.18349,1.882e-33,6409.9236,0.0366,0.67,0.039,6,7,5,2,6,1727,1077,1331,226,1331
26,181.863705,1.109e-28,4306.1375,0.0366,0.67,0.039,6,7,5,2,6,1727,1077,1331,226,1331
26,182.106418,9.473e-39,8665.734,0.0362,0.67,0.038,6,6,5,6,6,1727,1077,1331,226,1331
26,183.821687,7.941e-34,6590.1071,0.0362,0.67,0.038,6,7,5,2,6,1727,1077,1331,226,1331
26,185.536914,4.699e-29,4488.0012,0.0362,0.67,0.038,6,7,5,2,6,1727,1077,1331,226,1331
26,185.702473,3.805e-39,8847.8404,0.0359,0.67,0.038,6,6,5,6,6,1727,1077,1331,226,1331
26,187.452763,3.282e-34,6773.9288,0.0359,0.67,0.038,6,7,5,2,6,1727,1077,1331,226,1331
26,189.203003,1.952e-29,4673.5381,0.0359,0.67,0.038,6,7,5,2,6,1727,1077,1331,226,1331
26,189.291262,1.492e-39,9033.5429,0.0355,0.67,0.038,6,6,5,2,6,1727,1077,1331,226,1331
26,191.076576,1.329e-34,6961.3815,0.0355,0.67,0.038,6,7,5,2,6,1727,1077,1331,226,1331
26,192.86183,7.951e-30,4862.7411,0.0355,0.67,0.038,6,7,5,2,6,1727,1077,1331,226,1331
26,192.872644,5.715e-40,9222.8342,0.0352,0.67,0.037,6,6,5,2,6,1727,1077,1331,226,1331
26,194.692982,5.271e-35,7152.4581,0.0352,0.67,0.037,6,7,5,2,6,1727,1077,1331,226,1331
26,196.446475,2.135e-40,9415.7068,0.0348,0.67,0.037,6,6,5,2,6,1727,1077,1331,226,1331
26,196.513253,3.174e-30,5055.6029,0.0352,0.67,0.037,6,7,5,2,6,1727,1077,1331,226,1331
26,198.301842,2.048e-35,7347.1511,0.0348,0.67,0.037,6,7,5,2,6,1727,1077,1331,226,1331
26,200.012616,7.777e-41,9612.1533,0.0345,0.67,0.037,6,6,5,2,6,1727,1077,1331,226,1331
26,200.15713,1.242e-30,5252.1162,0.0348,0.67,0.037,6,7,5,2,6,1727,1077,1331,226,1331
26,201.903012,7.793e-36,7545.4529,0.0345,0.67,0.037,6,7,5,2,6,1727,1077,1331,226,1331
26,203.570922,2.76e-41,9812.1659,0.0342,0.67,0.036,6,6,5,2,6,1727,1077,1331,226,1331
26,203.79332,4.765e-31,5452.2733,0.0345,0.67,0.037,6,7,5,2,6,1727,1077,1331,226,1331
26,205.496351,2.905e-36,7747.3559,0.0342,0.67,0.036,6,7,5,2,6,1727,1077,1331,226,1331
26,207.121254,9.537e-42,10015.7368,0.0338,0.67,0.036,6,6,5,2,6,1727,1077,1331,226,1331
26,207.421681,1.792e-31,5656.0666,0.0342,0.67,0.036,6,7,5,2,6,1727,1077,1331,226,1331
26,209.081717,1.06e-36,7952.8523,0.0338,0.67,0.036,6,7,5,2,6,1727,1077,1331,226,1331
26,210.66347,3.204e-42,10222.8581,0.0335,0.67,0.036,6,6,5,2,6,1727,1077,1331,226,1331
26,211.042071,6.605e-32,5863.4883,0.0338,0.67,0.036,6,7,5,2,6,1727,1077,1331,226,1331
26,212.658971,3.79e-37,8161.934,0.0335,0.67,0.036,6,7,5,2,6,1727,1077,1331,226,1331
26,214.197428,1.045e-42,10433.5215,0.0332,0.67,0.035,6,6,5,2,6,1727,1077,1331,226,1331
26,214.654351,2.387e-32,6074.5304,0.0335,0.67,0.036,6,7,5,2,6,1727,1077,1331,226,1331
26,216.22797,1.327e-37,8374.593,0.0332,0.67,0.035,6,7,5,2,6,1727,1077,1331,226,1331
26,217.722988,3.302e-43,10647.719,0.0329,0.67,0.035,6,6,5,2,6,1727,1077,1331,226,1331
26,218.258379,8.459e-33,6289.1847,0.0332,0.67,0.035,6,7,5,2,6,1727,1077,1331,226,1331
26,219.788573,4.546e-38,8590.8209,0.0329,0.67,0.035,6,7,5,2,6,1727,1077,1331,226,1331
26,221.240008,1.009e-43,10865.442,0.0326,0.67,0.035,6,6,5,2,6,1727,1077,1331,226,1331
26,221.854013,2.938e-33,6507.4431,0.0329,0.67,0.035,6,7,5,2,6,1727,1077,1331,226,1331
26,223.340641,1.525e-38,8810.6095,0.0326,0.67,0.035,6,7,5,2,6,1727,1077,1331,226,1331
26,224.748348,2.97e-44,11086.682,0.0323,0.67,0.034,6,6,5,2,6,1727,1077,1331,226,1331
26,225.441115,1.001e-33,6729.2971,0.0326,0.67,0.035,6,7,5,2,6,1727,1077,1331,226,1331
26,226.884032,5.006e-39,9033.9502,0.0323,0.67,0.034,6,7,5,2,6,1727,1077,1331,226,1331
26,228.247868,8.391e-45,11311.4303,0.032,0.67,0.034,6,6,5,2,6,1727,1077,1331,226,1331
26,229.019543,3.341e-34,6954.7382,0.0323,0.67,0.034,6,7,5,2,6,1727,1077,1331,226,1331
26,230.418606,1.608e-39,9260.8342,0.032,0.67,0.034,6,7,5,2,6,1727,1077,1331,226,1331
26,231.738427,2.261e-45,11539.6782,0.0317,0.67,0.034,6,6,5,2,6,1727,1077,1331,226,1331
26,232.589158,1.094e-34,7183.7578,0.032,0.67,0.034,6,7,5,2,6,1727,1077,1331,226,1331
26,233.944223,5.053e-40,9491.2528,0.0317,0.67,0.034,6,7,5,2,6,1727,1077,1331,226,1331
26,236.149819,3.509e-35,7416.3469,0.0317,0.67,0.034,6,7,5,2,6,1727,1077,1331,226,1331
26,237.460744,1.553e-40,9725.197,0.0314,0.67,0.033,6,7,5,2,6,1727,1077,1331,226,1331
26,239.701387,1.104e-35,7652.4967,0.0314,0.67,0.033,6,7,5,2,6,1727,1077,1331,226,1331
26,240.968028,4.664e-41,9962.6578,0.0312,0.67,0.033,6,7,5,2,6,1727,1077,1331,226,1331
26,243.243723,3.404e-36,7892.1981,0.0312,0.67,0.033,6,7,5,2,6,1727,1077,1331,226,1331
26,244.465936,1.369e-41,10203.6258,0.0309,0.67,0.033,6,7,5,2,6,1727,1077,1331,226,1331
26,246.776686,1.029e-36,8135.4418,0.0309,0.67,0.033,6,7,5,2,6,1727,1077,1331,226,1331
26,247.954329,3.924e-42,10448.0917,0.0306,0.67,0.032,6,7,5,2,6,1727,1077,1331,226,1331
26,250.300139,3.047e-37,8382.2185,0.0306,0.67,0.032,6,7,5,2,6,1727,1077,1331,226,1331
26,251.433068,1.098e-42,10696.0461,0.0303,0.67,0.032,6,7,5,2,6,1727,1077,1331,226,1331
26,253.813942,8.848e-38,8632.5187,0.0303,0.67,0.032,6,7,5,2,6,1727,1077,1331,226,1331
26,254.902013,2.995e-43,10947.4791,0.0301,0.67,0.032,6,7,5,2,6,1727,1077,1331,226,1331
26,257.317956,2.517e-38,8886.3326,0.0301,0.67,0.032,6,7,5,2,6,1727,1077,1331,226,1331
26,258.361026,7.961e-44,11202.3811,0.0298,0.67,0.032,6,7,5,2,6,1727,1077,1331,226,1331
26,260.812043,7.018e-39,9143.6506,0.0298,0.67,0.032,6,7,5,2,6,1727,1077,1331,226,1331
26,261.809969,2.059e-44,11460.7422,0.0296,0.67,0.031,6,7,5,2,6,1727,1077,1331,226,1331
26,264.296065,1.917e-39,9404.4626,0.0296,0.67,0.031,6,7,5,2,6,1727,1077,1331,226,1331
26,265.248702,5.177e-45,11722.5521,0.0293,0.67,0.031,6,7,5,2,6,1727,1077,1331,226,1331
26,267.769883,5.128e-40,9668.7587,0.0293,0.67,0.031,6,7,5,2,6,1727,1077,1331,226,1331
26,268.677089,1.263e-45,11987.8008,0.0291,0.67,0.031,6,7,5,2,6,1727,1077,1331,226,1331
26,271.23336,1.344e-40,9936.5286,0.0291,0.67,0.031,6,7,5,2,6,1727,1077,1331,226,1331
26,274.686359,3.447e-41,10207.7619,0.0289,0.67,0.031,6,7,5,2,6,1727,1077,1331,226,1331
26,278.128741,8.657e-42,10482.4483,0.0286,0.67,0.03,6,7,5,2,6,1727,1077,1331,226,1331
26,281.560369,2.128e-42,10760.577,0.0284,0.67,0.03,6,7,5,2,6,1727,1077,1331,226,1331
26,284.981107,5.115e-43,11042.1374,0.0282,0.67,0.03,6,7,5,2,6,1727,1077,1331,226,1331
26,288.390818,1.203e-43,11327.1185,0.0279,0.67,0.03,6,7,5,2,6,1727,1077,1331,226,1331
26,291.789364,2.763e-44,11615.5093,0.0277,0.67,0.029,6,7,5,2,6,1727,1077,1331,226,1331
26,295.17661,6.199e-45,11907.2987,0.0275,0.67,0.029,6,7,5,2,6,1727,1077,1331,226,1331
26,298.552419,1.358e-45,12202.4753,0.0273,0.67,0.029,6,7,5,2,6,1727,1077,1331,226,1331
26,1872.749298,2.532e-31,6289.1847,0.0335,0.67,0.036,4,7,5,2,6,1727,1077,1331,226,1331
26,1878.321932,7.078e-31,6074.5304,0.0338,0.67,0.036,4,7,5,2,6,1727,1077,1331,226,1331
26,1883.867653,1.943e-30,5863.4883,0.0342,0.67,0.036,4,7,5,2,6,1727,1077,1331,226,1331
26,1889.386322,5.241e-30,5656.0666,0.0345,0.67,0.037,4,7,5,2,6,1727,1077,1331,226,1331
26,1894.877801,1.388e-29,5452.2733,0.0348,0.67,0.037,4,7,5,2,6,1727,1077,1331,226,1331
26,1900.341948,3.611e-29,5252.1162,0.0352,0.67,0.037,4,7,5,2,6,1727,1077,1331,226,1331
26,1902.414094,2.342e-31,6409.9236,0.037,0.67,0.039,4,7,5,2,6,1727,1077,1331,226,1331
26,1905.778626,9.225e-29,5055.6029,0.0355,0.67,0.038,4,7,5,2,6,1727,1077,1331,226,1331
26,1907.676322,5.419e-31,6233.3853,0.0374,0.67,0.04,4,7,5,2,6,1727,1077,1331,226,1331
26,1911.187693,2.314e-28,4862.7411,0.0359,0.67,0.038,4,7,5,2,6,1727,1077,1331,226,1331
26,1912.910229,1.231e-30,6060.499,0.0378,0.67,0.04,4,7,5,2,6,1727,1077,1331,226,1331
26,1916.569009,5.702e-28,4673.5381,0.0362,0.67,0.038,4,7,5,2,6,1727,1077,1331,226,1331
26,1918.115672,2.746e-30,5891.2714,0.0382,0.67,0.04,4,7,5,2,6,1727,1077,1331,226,1331
26,1921.922433,1.379e-27,4488.0012,0.0366,0.67,0.039,4,7,5,2,6,1727,1077,1331,226,1331
26,1923.292511,6.013e-30,5725.709,0.0386,0.67,0.041,4,7,5,2,6,1727,1077,1331,226,1331
26,1927.247824,3.276e-27,4306.1375,0.037,0.67,0.039,4,7,5,2,6,1727,1077,1331,226,1331
26,1928.440602,1.293e-29,5563.8184,0.039,0.67,0.041,4,7,5,2,6,1727,1077,1331,226,1331
26,1932.54504,7.64e-27,4127.9539,0.0374,0.67,0.04,4,7,5,2,6,1727,1077,1331,226,1331
26,1933.559804,2.729e-29,5405.6056,0.0395,0.67,0.042,4,7,5,2,6,1727,1077,1331,226,1331
26,1937.813941,1.749e-26,3953.4574,0.0378,0.67,0.04,4,7,5,2,6,1727,1077,1331,226,1331
26,1938.649974,5.655e-29,5251.0769,0.0399,0.67,0.042,4,7,5,2,6,1727,1077,1331,226,1331
26,1943.054383,3.932e-26,3782.6547,0.0382,0.67,0.04,4,7,5,2,6,1727,1077,1331,226,1331
26,1943.350357,1.683e-31,6497.5586,0.0427,0.67,0.045,4,7,5,6,6,1727,1077,1331,226,1331
26,1943.710969,1.15e-28,5100.2382,0.0403,0.67,0.043,4,7,5,2,6,1727,1077,1331,226,1331
26,1948.198244,3.04e-31,6370.1677,0.0432,0.67,0.046,4,7,5,6,6,1727,1077,1331,226,1331
26,1948.266225,8.676e-26,3615.5521,0.0386,0.67,0.041,4,7,5,2,6,1727,1077,1331,226,1331
26,1948.742646,2.296e-28,4953.0954,0.0408,0.67,0.043,4,7,5,2,6,1727,1077,1331,226,1331
26,1953.015948,5.39e-31,6246.4695,0.0438,0.67,0.046,4,7,5,6,6,1727,1077,1331,226,1331
26,1953.449325,1.879e-25,3452.1563,0.039,0.67,0.041,4,7,5,2,6,1727,1077,1331,226,1331
26,1953.744862,4.499e-28,4809.6541,0.0413,0.67,0.044,4,7,5,2,6,1727,1077,1331,226,1331
26,1957.803326,9.376e-31,6126.469,0.0443,0.67,0.047,4,7,5,6,6,1727,1077,1331,226,1331
26,1958.603539,3.995e-25,3292.4734,0.0395,0.67,0.042,4,7,5,2,6,1727,1077,1331,226,1331
26,1958.717473,8.652e-28,4669.92,0.0417,0.67,0.044,4,7,5,2,6,1727,1077,1331,226,1331
26,1962.560233,1.6e-30,6010.1709,0.0448,0.67,0.047,4,7,5,6,6,1727,1077,1331,226,1331
26,1963.660335,1.633e-27,4533.8983,0.0422,0.67,0.045,4,7,5,2,6,1727,1077,1331,226,1331
26,1963.728726,8.336e-25,3136.5095,0.0399,0.67,0.042,4,7,5,2,6,1727,1077,1331,226,1331
26,1967.286525,2.679e-30,5897.5796,0.0454,0.67,0.048,4,7,5,6,6,1727,1077,1331,226,1331
26,1968.573304,3.024e-27,4401.5944,0.0427,0.67,0.045,4,7,5,2,6,1727,1077,1331,226,1331
26,1968.824741,1.707e-24,2984.2707,0.0403,0.67,0.043,4,7,5,2,6,1727,1077,1331,226,1331
26,1971.982056,4.401e-30,5788.6996,0.046,0.67,0.049,4,7,5,6,6,1727,1077,1331,226,1331
26,1973.456238,5.495e-27,4273.0133,0.0432,0.67,0.046,4,7,5,2,6,1727,1077,1331,226,1331
26,1973.891441,3.431e-24,2835.7627,0.0408,0.67,0.043,4,7,5,2,6,1727,1077,1331,226,1331
26,1976.646683,7.09e-30,5683.5351,0.0465,0.67,0.049,4,7,5,6,6,1727,1077,1331,226,1331
26,1978.30899,9.796e-27,4148.1601,0.0438,0.67,0.046,4,7,5,2,6,1727,1077,1331,226,1331
26,1978.928683,6.766e-24,2690.9913,0.0413,0.67,0.044,4,7,5,2,6,1727,1077,1331,226,1331
26,1981.28026,1.12e-29,5582.0901,0.0471,0.67,0.05,4,7,5,6,6,1727,1077,1331,226,1331
26,1983.131417,1.713e-26,4027.0395,0.0443,0.67,0.047,4,7,5,2,6,1727,1077,1331,226,1331
26,1983.936323,1.309e-23,2549.962,0.0417,0.67,0.044,4,7,5,2,6,1727,1077,1331,226,1331
26,1985.882641,1.735e-29,5484.3687,0.0477,0.67,0.051,4,7,5,6,6,1727,1077,1331,226,1331
26,1987.923374,2.94e-26,3909.6562,0.0448,0.67,0.047,4,7,5,2,6,1727,1077,1331,226,1331
26,1988.914217,2.486e-23,2412.6801,0.0422,0.67,0.045,4,7,5,2,6,1727,1077,1331,226,1331
26,1990.453682,2.636e-29,5390.3747,0.0483,0.67,0.051,4,7,5,6,6,1727,1077,1331,226,1331
26,1992.684716,4.948e-26,3796.0149,0.0454,0.67,0.048,4,7,5,2,6,1727,1077,1331,226,1331
26,1993.862221,4.632e-23,2279.1511,0.0427,0.67,0.045,4,7,5,2,6,1727,1077,1331,226,1331
26,1994.993237,3.926e-29,5300.1117,0.049,0.67,0.052,4,7,5,6,6,1727,1077,1331,226,1331
26,1997.415298,8.167e-26,3686.1198,0.046,0.67,0.049,4,7,5,2,6,1727,1077,1331,226,1331
26,1998.78019,8.466e-23,2149.3799,0.0432,0.67,0.046,4,7,5,2,6,1727,1077,1331,226,1331
26,1999.50116,5.73e-29,5213.5832,0.0496,0.67,0.053,4,7,5,6,6,1727,1077,1331,226,1331
26,2002.114976,1.322e-25,3579.9751,0.0465,0.67,0.049,4,7,5,2,6,1727,1077,1331,226,1331
26,2003.66798,1.518e-22,2023.3715,0.0438,0.67,0.046,4,7,5,2,6,1727,1077,1331,226,1331
26,2003.977306,8.196e-29,5130.7926,0.0503,0.67,0.053,4,7,5,6,6,1727,1077,1331,226,1331
26,2006.783603,2.098e-25,3477.5851,0.0471,0.67,0.05,4,7,5,2,6,1727,1077,1331,226,1331
26,2008.421529,1.149e-28,5051.7432,0.051,0.67,0.054,4,7,5,6,6,1727,1077,1331,226,1331
26,2008.525447,2.669e-22,1901.1308,0.0443,0.67,0.047,4,7,5,2,6,1727,1077,1331,226,1331
26,2011.421036,3.266e-25,3378.9537,0.0477,0.67,0.051,4,7,5,2,6,1727,1077,1331,226,1331
26,2012.833683,1.577e-28,4976.438,0.0517,0.67,0.055,4,7,5,6,6,1727,1077,1331,226,1331
26,2013.352445,4.604e-22,1782.6624,0.0448,0.67,0.047,4,7,5,2,6,1727,1077,1331,226,1331
26,2016.027127,4.982e-25,3284.0846,0.0483,0.67,0.051,4,7,5,2,6,1727,1077,1331,226,1331
26,2017.213622,2.119e-28,4904.8799,0.0524,0.68,0.056,4,7,5,6,6,1727,1077,1331,226,1331
26,2018.148829,7.789e-22,1667.9709,0.0454,0.67,0.048,4,7,5,2,6,1727,1077,1331,226,1331
26,2020.601731,7.449e-25,3192.9815,0.049,0.67,0.052,4,7,5,2,6,1727,1077,1331,226,1331
26,2021.5612,2.788e-28,4837.0717,0.0531,0.69,0.057,4,7,5,6,6,1727,1077,1331,226,1331
26,2022.914454,1.292e-21,1557.0607,0.046,0.67,0.049,4,7,5,2,6,1727,1077,1331,226,1331
26,2025.144704,1.092e-24,3105.6479,0.0496,0.67,0.053,4,7,5,2,6,1727,1077,1331,226,1331
26,2025.876271,3.59e-28,4773.0161,0.0538,0.7,0.058,4,7,5,6,6,1727,1077,1331,226,1331
26,2027.649176,2.102e-21,1449.936,0.0465,0.67,0.049,4,7,5,2,6,1727,1077,1331,226,1331
26,2029.655898,1.567e-24,3022.0873,0.0503,0.67,0.053,4,7,5,2,6,1727,1077,1331,226,1331
26,2030.158689,4.521e-28,4712.7156,0.0545,0.71,0.059,4,7,5,6,6,1727,1077,1331,226,1331
26,2032.352847,3.351e-21,1346.6008,0.0471,0.67,0.05,4,7,5,2,6,1727,1077,1331,226,1331
26,2034.135168,2.204e-24,2942.3028,0.051,0.67,0.054,4,7,5,6,6,1727,1077,1331,226,1331
26,2034.408306,5.566e-28,4656.1724,0.0553,0.72,0.059,4,7,5,6,6,1727,1077,1331,226,1331
26,2037.025324,5.239e-21,1247.0592,0.0477,0.67,0.051,4,7,5,2,6,1727,1077,1331,226,1331
26,2038.582368,3.036e-24,2866.2975,0.0517,0.67,0.055,4,7,5,6,6,1727,1077,1331,226,1331
26,2038.624978,6.693e-28,4603.3889,0.0561,0.73,0.06,4,7,5,6,6,1727,1077,1331,226,1331
26,2041.66646,8.026e-21,1151.315,0.0483,0.67,0.051,4,7,5,2,6,1727,1077,1331,226,1331
26,2042.808556,7.856e-28,4554.367,0.0569,0.74,0.062,4,7,5,6,6,1727,1077,1331,226,1331
26,2042.997352,4.094e-24,2794.0744,0.0524,0.68,0.056,4,7,5,6,6,1727,1077,1331,226,1331
26,2046.276109,1.205e-20,1059.3718,0.049,0.67,0.052,4,7,5,2,6,1727,1077,1331,226,1331
26,2046.958896,8.991e-28,4509.1088,0.0577,0.75,0.063,4,7,5,6,6,1727,1077,1331,226,1331
26,2047.379973,5.404e-24,2725.6361,0.0531,0.69,0.057,4,7,5,6,6,1727,1077,1331,226,1331
26,2050.854126,1.773e-20,971.2332,0.0496,0.67,0.053,4,7,5,2,6,1727,1077,1331,226,1331
26,2051.075849,1.002e-27,4467.6158,0.0586,0.75,0.064,4,7,5,6,6,1727,1077,1331,226,1331
26,2051.730086,6.978e-24,2660.9855,0.0538,0.7,0.058,4,7,5,6,6,1727,1077,1331,226,1331
26,2055.15927,1.085e-27,4429.8898,0.0595,0.75,0.065,4,7,5,6,6,1727,1077,1331,226,1331
26,2055.400364,2.555e-20,886.9024,0.0503,0.67,0.053,4,7,5,2,6,1727,1077,1331,226,1331
26,2056.047543,8.812e-24,2600.1249,0.0545,0.71,0.059,4,7,5,6,6,1727,1077,1331,226,1331
26,2059.209012,1.14e-27,4395.9322,0.0606,0.75,0.066,4,7,5,6,6,1727,1077,1331,226,1331
26,2059.914677,3.607e-20,806.3828,0.051,0.67,0.054,4,7,5,6,6,1727,1077,1331,226,1331
26,2060.332198,1.088e-23,2543.0567,0.0553,0.72,0.059,4,7,5,6,6,1727,1077,1331,226,1331
26,2063.224928,1.158e-27,4365.7443,0.0618,0.75,0.068,4,7,5,6,6,1727,1077,1331,226,1331
26,2064.39692,4.985e-20,729.6774,0.0517,0.67,0.055,4,7,5,6,6,1727,1077,1331,226,1331
26,2064.583906,1.311e-23,2489.7831,0.0561,0.73,0.06,4,7,5,6,6,1727,1077,1331,226,1331
26,2067.206871,1.13e-27,4339.3274,0.0632,0.74,0.069,4,7,5,6,6,1727,1077,1331,226,1331
26,2068.802518,1.542e-23,2440.3062,0.0569,0.74,0.062,4,7,5,6,6,1727,1077,1331,226,1331
26,2068.846945,6.744e-20,656.7892,0.0524,0.68,0.056,4,7,5,6,6,1727,1077,1331,226,1331
26,2071.154695,1.054e-27,4316.6824,0.0651,0.74,0.071,4,7,5,6,6,1727,1077,1331,226,1331
26,2072.987889,1.769e-23,2394.6279,0.0577,0.75,0.063,4,7,5,6,6,1727,1077,1331,226,1331
26,2073.264607,8.929e-20,587.7209,0.0531,0.69,0.057,4,7,5,6,6,1727,1077,1331,226,1331
26,2075.068253,9.256e-28,4297.8102,0.0677,0.74,0.074,4,7,5,6,6,1727,1077,1331,226,1331
26,2077.139872,1.975e-23,2352.7499,0.0586,0.75,0.064,4,7,5,6,6,1727,1077,1331,226,1331
26,2077.649758,1.156e-19,522.4751,0.0538,0.7,0.058,4,7,5,6,6,1727,1077,1331,226,1331
26,2078.947398,7.485e-28,4282.7116,0.0712,0.74,0.077,4,7,5,6,6,1727,1077,1331,226,1331
26,2081.25832,2.143e-23,2314.6739,0.0595,0.75,0.065,4,7,5,6,6,1727,1077,1331,226,1331
26,2082.002254,1.464e-19,461.0545,0.0545,0.71,0.059,4,7,5,6,6,1727,1077,1331,226,1331
26,2082.791982,5.282e-28,4271.3871,0.0757,0.75,0.081,4,7,5,6,6,1727,1077,1331,226,1331
26,2085.343087,2.255e-23,2280.4013,0.0606,0.75,0.066,4,7,5,6,6,1727,1077,1331,226,1331
26,2086.321945,1.812e-19,403.4612,0.0553,0.72,0.059,4,7,5,6,6,1727,1077,1331,226,1331
26,2086.60186,2.745e-28,4263.8372,0.0803,0.76,0.087,4,7,5,6,6,1727,1077,1331,226,1331
26,2089.394025,2.292e-23,2249.9334,0.0618,0.75,0.068,4,7,5,6,6,1727,1077,1331,226,1331
26,2090.608687,2.189e-19,349.6975,0.0561,0.73,0.06,4,7,5,6,6,1727,1077,1331,226,1331
26,2093.410988,2.241e-23,2223.2714,0.0632,0.74,0.069,4,7,5,6,6,1727,1077,1331,226,1331
26,2094.116908,2.806e-28,4260.0622,0.0803,0.76,0.087,4,7,5,6,6,1727,1077,1331,226,1331
26,2094.862333,2.581e-19,299.7656,0.0569,0.74,0.062,4,7,5,6,6,1727,1077,1331,226,1331
26,2097.393829,2.091e-23,2200.4164,0.0651,0.74,0.071,4,7,5,6,6,1727,1077,1331,226,1331
26,2097.821784,5.521e-28,4263.8372,0.0757,0.75,0.081,4,7,5,6,6,1727,1077,1331,226,1331
26,2099.082735,2.967e-19,253.6672,0.0577,0.75,0.063,4,7,5,6,6,1727,1077,1331,226,1331
26,2101.342401,1.839e-23,2181.3692,0.0677,0.74,0.074,4,7,5,6,6,1727,1077,1331,226,1331
26,2101.491366,7.998e-28,4271.3871,0.0712,0.74,0.077,4,7,5,6,6,1727,1077,1331,226,1331
26,2103.269747,3.319e-19,211.4041,0.0586,0.75,0.064,4,7,5,6,6,1727,1077,1331,226,1331
26,2105.125507,1.011e-27,4282.7116,0.0677,0.74,0.074,4,7,5,6,6,1727,1077,1331,226,1331
26,2105.256557,1.488e-23,2166.1305,0.0712,0.74,0.077,4,7,5,6,6,1727,1077,1331,226,1331
26,2107.423223,3.607e-19,172.978,0.0595,0.75,0.065,4,7,5,6,6,1727,1077,1331,226,1331
26,2108.724059,1.177e-27,4297.8102,0.0651,0.74,0.071,4,7,5,6,6,1727,1077,1331,226,1331
26,2109.136151,1.051e-23,2154.701,0.0757,0.75,0.081,4,7,5,6,6,1727,1077,1331,226,1331
26,2111.543014,3.801e-19,138.3904,0.0606,0.75,0.066,4,7,5,6,6,1727,1077,1331,226,1331
26,2112.286877,1.291e-27,4316.6824,0.0632,0.74,0.069,4,7,5,6,6,1727,1077,1331,226,1331
26,2112.981035,5.463e-24,2147.0811,0.0803,0.76,0.087,4,7,5,6,6,1727,1077,1331,226,1331
26,2115.628975,3.87e-19,107.6424,0.0618,0.75,0.068,4,7,5,6,6,1727,1077,1331,226,1331
26,2115.813813,1.351e-27,4339.3274,0.0618,0.75,0.068,4,7,5,6,6,1727,1077,1331,226,1331
26,2119.30472,1.361e-27,4365.7443,0.0606,0.75,0.066,4,7,5,6,6,1727,1077,1331,226,1331
26,2119.680959,3.789e-19,80.7354,0.0632,0.74,0.069,4,7,5,6,6,1727,1077,1331,226,1331
26,2120.566086,5.586e-24,2143.2711,0.0803,0.76,0.087,4,7,5,6,6,1727,1077,1331,226,1331
26,2122.759452,1.324e-27,4395.9322,0.0595,0.75,0.065,4,7,5,6,6,1727,1077,1331,226,1331
26,2123.698818,3.539e-19,57.6704,0.0651,0.74,0.071,4,7,5,6,6,1727,1077,1331,226,1331
26,2124.30596,1.099e-23,2147.0811,0.0757,0.75,0.081,4,7,5,6,6,1727,1077,1331,226,1331
26,2126.177862,1.25e-27,4429.8898,0.0586,0.75,0.064,4,7,5,6,6,1727,1077,1331,226,1331
26,2127.682406,3.114e-19,38.4481,0.0677,0.74,0.074,4,7,5,6,6,1727,1077,1331,226,1331
26,2128.010537,1.591e-23,2154.701,0.0712,0.74,0.077,4,7,5,6,6,1727,1077,1331,226,1331
26,2129.559803,1.147e-27,4467.6158,0.0577,0.75,0.063,4,7,5,6,6,1727,1077,1331,226,1331
26,2131.631576,2.522e-19,23.0695,0.0712,0.74,0.077,4,7,5,6,6,1727,1077,1331,226,1331
26,2131.67967,2.011e-23,2166.1305,0.0677,0.74,0.074,4,7,5,6,6,1727,1077,1331,226,1331
26,2132.905128,1.024e-27,4509.1088,0.0569,0.74,0.062,4,7,5,6,6,1727,1077,1331,226,1331
26,2135.313212,2.339e-23,2181.3692,0.0651,0.74,0.071,4,7,5,6,6,1727,1077,1331,226,1331
26,2135.54618,1.782e-19,11.535,0.0757,0.75,0.081,4,7,5,6,6,1727,1077,1331,226,1331
26,2136.213692,8.921e-28,4554.367,0.0561,0.73,0.06,4,7,5,6,6,1727,1077,1331,226,1331
26,2138.911016,2.563e-23,2200.4164,0.0632,0.74,0.069,4,7,5,6,6,1727,1077,1331,226,1331
26,2139.426073,9.268e-20,3.845,0.0803,0.76,0.087,4,7,5,6,6,1727,1077,1331,226,1331
26,2139.485346,7.583e-28,4603.3889,0.0553,0.72,0.059,4,7,5,6,6,1727,1077,1331,226,1331
26,2142.472937,2.681e-23,2223.2714,0.0618,0.75,0.068,4,7,5,6,6,1727,1077,1331,226,1331
26,2142.719945,6.298e-28,4656.1724,0.0545,0.71,0.059,4,7,5,6,6,1727,1077,1331,226,1331
26,2145.917342,5.112e-28,4712.7156,0.0538,0.7,0.058,4,7,5,6,6,1727,1077,1331,226,1331
26,2145.998825,2.697e-23,2249.9334,0.0606,0.75,0.066,4,7,5,6,6,1727,1077,1331,226,1331
26,2147.081134,9.48e-20,0.0,0.0803,0.76,0.087,4,7,5,6,6,1727,1077,1331,226,1331
26,2149.077391,4.059e-28,4773.0161,0.0531,0.69,0.057,4,7,5,6,6,1727,1077,1331,226,1331
26,2149.488536,2.621e-23,2280.4013,0.0595,0.75,0.065,4,7,5,6,6,1727,1077,1331,226,1331
26,2150.856008,1.865e-19,3.845,0.0757,0.75,0.081,4,7,5,6,6,1727,1077,1331,226,1331
26,2152.199945,3.153e-28,4837.0717,0.0524,0.68,0.056,4,7,5,6,6,1727,1077,1331,226,1331
26,2152.941923,2.47e-23,2314.6739,0.0586,0.75,0.064,4,7,5,6,6,1727,1077,1331,226,1331
26,2154.595584,2.7e-19,11.535,0.0712,0.74,0.077,4,7,5,6,6,1727,1077,1331,226,1331
26,2155.284858,2.398e-28,4904.8799,0.0517,0.67,0.055,4,7,5,6,6,1727,1077,1331,226,1331
26,2156.358838,2.262e-23,2352.7499,0.0577,0.75,0.063,4,7,5,6,6,1727,1077,1331,226,1331
26,2158.299712,3.41e-19,23.0695,0.0677,0.74,0.074,4,7,5,6,6,1727,1077,1331,226,1331
26,2158.331983,1.786e-28,4976.438,0.051,0.67,0.054,4,7,5,6,6,1727,1077,1331,226,1331
26,2159.739136,2.017e-23,2394.6279,0.0569,0.74,0.062,4,7,5,6,6,1727,1077,1331,226,1331
26,2161.341174,1.303e-28,5051.7432,0.0503,0.67,0.053,4,7,5,6,6,1727,1077,1331,226,1331
26,2161.968247,3.963e-19,38.4481,0.0651,0.74,0.071,4,7,5,6,6,1727,1077,1331,226,1331
26,2163.082669,1.753e-23,2440.3062,0.0561,0.73,0.06,4,7,5,6,6,1727,1077,1331,226,1331
26,2164.312285,9.308e-29,5130.7926,0.0496,0.67,0.053,4,7,5,6,6,1727,1077,1331,226,1331
26,2165.601042,4.34e-19,57.6704,0.0632,0.74,0.069,4,7,5,6,6,1727,1077,1331,226,1331
26,2166.389291,1.487e-23,2489.7831,0.0553,0.72,0.059,4,7,5,6,6,1727,1077,1331,226,1331
26,2167.245169,6.518e-29,5213.5832,0.049,0.67,0.052,4,7,5,6,6,1727,1077,1331,226,1331
26,2169.197951,4.535e-19,80.7354,0.0618,0.75,0.068,4,7,5,6,6,1727,1077,1331,226,1331
26,2169.658856,1.232e-23,2543.0567,0.0545,0.71,0.059,4,7,5,6,6,1727,1077,1331,226,1331
26,2170.139681,4.474e-29,5300.1117,0.0483,0.67,0.051,4,7,5,6,6,1727,1077,1331,226,1331
26,2172.758825,4.556e-19,107.6424,0.0606,0.75,0.066,4,7,5,6,6,1727,1077,1331,226,1331
26,2172.891217,9.978e-24,2600.1249,0.0538,0.7,0.058,4,7,5,6,6,1727,1077,1331,226,1331
26,2172.995675,3.01e-29,5390.3747,0.0477,0.67,0.051,4,7,5,6,6,1727,1077,1331,226,1331
26,2175.813004,1.986e-29,5484.3687,0.0471,0.67,0.05,4,7,5,6,6,1727,1077,1331,226,1331
26,2176.086228,7.901e-24,2660.9855,0.0531,0.69,0.057,4,7,5,6,6,1727,1077,1331,226,1331
26,2176.28352,4.423e-19,138.3904,0.0595,0.75,0.065,4,7,5,6,6,1727,1077,1331,226,1331
26,2178.591523,1.285e-29,5582.0901,0.0465,0.67,0.049,4,7,5,6,6,1727,1077,1331,226,1331
26,2179.243742,6.121e-24,2725.6361,0.0524,0.68,0.056,4,7,5,6,6,1727,1077,1331,226,1331
26,2179.771887,4.162e-19,172.978,0.0586,0.75,0.064,4,7,5,6,6,1727,1077,1331,226,1331
26,2181.331085,8.149e-30,5683.5351,0.046,0.67,0.049,4,7,5,6,6,1727,1077,1331,226,1331
26,2182.363614,4.641e-24,2794.0744,0.0517,0.67,0.055,4,7,5,6,6,1727,1077,1331,226,1331
26,2183.223781,3.805e-19,211.4041,0.0577,0.75,0.063,4,7,5,6,6,1727,1077,1331,226,1331
26,2184.031545,5.071e-30,5788.6996,0.0454,0.67,0.048,4,7,5,6,6,1727,1077,1331,226,1331
26,2185.445697,3.445e-24,2866.2975,0.051,0.67,0.054,4,7,5,6,6,1727,1077,1331,226,1331
26,2186.639055,3.387e-19,253.6672,0.0569,0.74,0.062,4,7,5,6,6,1727,1077,1331,226,1331
26,2186.692757,3.095e-30,5897.5796,0.0448,0.67,0.047,4,7,5,6,6,1727,1077,1331,226,1331
26,2188.489845,2.504e-24,2942.3028,0.0503,0.67,0.053,4,7,5,2,6,1727,1077,1331,226,1331
26,2189.314575,1.853e-30,6010.1709,0.0443,0.67,0.047,4,7,5,6,6,1727,1077,1331,226,1331
26,2190.017563,2.938e-19,299.7656,0.0561,0.73,0.06,4,7,5,6,6,1727,1077,1331,226,1331
26,2191.495912,1.783e-24,3022.0873,0.0496,0.67,0.053,4,7,5,2,6,1727,1077,1331,226,1331
26,2191.896854,1.089e-30,6126.469,0.0438,0.67,0.046,4,7,5,6,6,1727,1077,1331,226,1331
26,2193.359158,2.487e-19,349.6975,0.0553,0.72,0.059,4,7,5,6,6,1727,1077,1331,226,1331
26,2194.439448,6.275e-31,6246.4695,0.0432,0.67,0.046,4,7,5,6,6,1727,1077,1331,226,1331
26,2194.463752,1.244e-24,3105.6479,0.049,0.67,0.052,4,7,5,2,6,1727,1077,1331,226,1331
26,2196.663693,2.056e-19,403.4612,0.0545,0.71,0.059,4,7,5,6,6,1727,1077,1331,226,1331
26,2196.942212,3.549e-31,6370.1677,0.0427,0.67,0.045,4,7,5,6,6,1727,1077,1331,226,1331
26,2197.393219,8.508e-25,3192.9815,0.0483,0.67,0.051,4,7,5,2,6,1727,1077,1331,226,1331
26,2199.404999,1.97e-31,6497.5586,0.0422,0.67,0.045,4,7,5,6,6,1727,1077,1331,226,1331
26,2199.931023,1.66e-19,461.0545,0.0538,0.7,0.058,4,7,5,6,6,1727,1077,1331,226,1331
26,2200.284167,5.701e-25,3284.0846,0.0477,0.67,0.051,4,7,5,2,6,1727,1077,1331,226,1331
26,2201.827665,1.073e-31,6628.6374,0.0417,0.67,0.044,4,7,5,6,6,1727,1077,1331,226,1331
26,2203.136451,3.745e-25,3378.9537,0.0471,0.67,0.05,4,7,5,2,6,1727,1077,1331,226,1331
26,2203.161002,1.311e-19,522.4751,0.0531,0.69,0.057,4,7,5,6,6,1727,1077,1331,226,1331
26,2205.949925,2.412e-25,3477.5851,0.0465,0.67,0.049,4,7,5,2,6,1727,1077,1331,226,1331
26,2206.353482,1.013e-19,587.7209,0.0524,0.68,0.056,4,7,5,6,6,1727,1077,1331,226,1331
26,2208.724442,1.523e-25,3579.9751,0.046,0.67,0.049,4,7,5,2,6,1727,1077,1331,226,1331
26,2209.508319,7.657e-20,656.7892,0.0517,0.67,0.055,4,7,5,6,6,1727,1077,1331,226,1331
26,2211.459859,9.435e-26,3686.1198,0.0454,0.67,0.048,4,7,5,2,6,1727,1077,1331,226,1331
26,2212.625365,5.666e-20,729.6774,0.051,0.67,0.054,4,7,5,6,6,1727,1077,1331,226,1331
26,2214.156028,5.731e-26,3796.0149,0.0448,0.67,0.047,4,7,5,2,6,1727,1077,1331,226,1331
26,2215.704476,4.105e-20,806.3828,0.0503,0.67,0.053,4,7,5,2,6,1727,1077,1331,226,1331
26,2216.812805,3.414e-26,3909.6562,0.0443,0.67,0.047,4,7,5,2,6,1727,1077,1331,226,1331
26,2218.745505,2.913e-20,886.9024,0.0496,0.67,0.053,4,7,5,2,6,1727,1077,1331,226,1331
26,2219.430044,1.995e-26,4027.0395,0.0438,0.67,0.046,4,7,5,2,6,1727,1077,1331,226,1331
26,2221.748306,2.025e-20,971.2332,0.049,0.67,0.052,4,7,5,2,6,1727,1077,1331,226,1331
26,2222.007601,1.144e-26,4148.1601,0.0432,0.67,0.046,4,7,5,2,6,1727,1077,1331,226,1331
26,2224.545329,6.435e-27,4273.0133,0.0427,0.67,0.045,4,7,5,2,6,1727,1077,1331,226,1331
26,2224.712734,1.379e-20,1059.3718,0.0483,0.67,0.051,4,7,5,2,6,1727,1077,1331,226,1331
26,2227.043083,3.551e-27,4401.5944,0.0422,0.67,0.045,4,7,5,2,6,1727,1077,1331,226,1331
26,2227.638643,9.206e-21,1151.315,0.0477,0.67,0.051,4,7,5,2,6,1727,1077,1331,226,1331
26,2229.50072,1.923e-27,4533.8983,0.0417,0.67,0.044,4,7,5,2,6,1727,1077,1331,226,1331
26,2230.525888,6.022e-21,1247.0592,0.0471,0.67,0.05,4,7,5,2,6,1727,1077,1331,226,1331
26,2231.918093,1.022e-27,4669.92,0.0413,0.67,0.044,4,7,5,2,6,1727,1077,1331,226,1331
26,2233.374323,3.862e-21,1346.6008,0.0465,0.67,0.049,4,7,5,2,6,1727,1077,1331,226,1331
26,2234.295058,5.331e-28,4809.6541,0.0408,0.67,0.043,4,7,5,2,6,1727,1077,1331,226,1331
26,2236.183802,2.428e-21,1449.936,0.046,0.67,0.049,4,7,5,2,6,1727,1077,1331,226,1331
26,2236.63147,2.729e-28,4953.0954,0.0403,0.67,0.043,4,7,5,2,6,1727,1077,1331,226,1331
26,2238.927184,1.371e-28,5100.2382,0.0399,0.67,0.042,4,7,5,2,6,1727,1077,1331,226,1331
26,2238.954181,1.497e-21,1557.0607,0.0454,0.67,0.048,4,7,5,2,6,1727,1077,1331,226,1331
26,2241.182055,6.761e-29,5251.0769,0.0395,0.67,0.042,4,7,5,2,6,1727,1077,1331,226,1331
26,2241.685314,9.046e-22,1667.9709,0.0448,0.67,0.047,4,7,5,2,6,1727,1077,1331,226,1331
26,2243.395939,3.273e-29,5405.6056,0.039,0.67,0.041,4,7,5,2,6,1727,1077,1331,226,1331
26,2244.377056,5.362e-22,1782.6624,0.0443,0.67,0.047,4,7,5,2,6,1727,1077,1331,226,1331
26,2245.568691,1.555e-29,5563.8184,0.0386,0.67,0.041,4,7,5,2,6,1727,1077,1331,226,1331
26,2247.029262,3.117e-22,1901.1308,0.0438,0.67,0.046,4,7,5,2,6,1727,1077,1331,226,1331
26,2247.700167,7.257e-30,5725.709,0.0382,0.67,0.04,4,7,5,2,6,1727,1077,1331,226,1331
26,2249.641787,1.778e-22,2023.3715,0.0432,0.67,0.046,4,7,5,2,6,1727,1077,1331,226,1331
26,2249.790221,3.324e-30,5891.2714,0.0378,0.67,0.04,4,7,5,2,6,1727,1077,1331,226,1331
26,2251.838711,1.495e-30,6060.499,0.0374,0.67,0.04,4,7,5,2,6,1727,1077,1331,226,1331
26,2252.214486,9.944e-23,2149.3799,0.0427,0.67,0.045,4,7,5,2,6,1727,1077,1331,226,1331
26,2253.845491,6.602e-31,6233.3853,0.037,0.67,0.039,4,7,5,2,6,1727,1077,1331,226,1331
26,2254.747215,5.457e-23,2279.1511,0.0422,0.67,0.045,4,7,5,2,6,1727,1077,1331,226,1331
26,2255.810417,2.863e-31,6409.9236,0.0366,0.67,0.039,4,7,5,2,6,1727,1077,1331,226,1331
26,2257.239828,2.938e-23,2412.6801,0.0417,0.67,0.044,4,7,5,2,6,1727,1077,1331,226,1331
26,2257.733345,1.219e-31,6590.1071,0.0362,0.67,0.038,4,7,5,2,6,1727,1077,1331,226,1331
26,2259.692181,1.552e-23,2549.962,0.0413,0.67,0.044,4,7,5,2,6,1727,1077,1331,226,1331
26,2262.10413,8.044e-24,2690.9913,0.0408,0.67,0.043,4,7,5,2,6,1727,1077,1331,226,1331
26,2264.47553,4.091e-24,2835.7627,0.0403,0.67,0.043,4,7,5,2,6,1727,1077,1331,226,1331
26,2266.806236,2.042e-24,2984.2707,0.0399,0.67,0.042,4,7,5,2,6,1727,1077,1331,226,1331
26,2269.096105,1e-24,3136.5095,0.0395,0.67,0.042,4,7,5,2,6,1727,1077,1331,226,1331
26,2271.344992,4.809e-25,3292.4734,0.039,0.67,0.041,4,7,5,2,6,1727,1077,1331,226,1331
26,2273.552753,2.269e-25,3452.1563,0.0386,0.67,0.041,4,7,5,2,6,1727,1077,1331,226,1331
26,2275.719244,1.051e-25,3615.5521,0.0382,0.67,0.04,4,7,5,2,6,1727,1077,1331,226,1331
26,2277.844321,4.779e-26,3782.6547,0.0378,0.67,0.04,4,7,5,2,6,1727,1077,1331,226,1331
26,2279.92784,2.133e-26,3953.4574,0.0374,0.67,0.04,4,7,5,2,6,1727,1077,1331,226,1331
26,2281.969657,9.347e-27,4127.9539,0.037,0.67,0.039,4,7,5,2,6,1727,1077,1331,226,1331
26,2283.969628,4.021e-27,4306.1375,0.0366,0.67,0.039,4,7,5,2,6,1727,1077,1331,226,1331
26,2285.92761,1.699e-27,4488.0012,0.0362,0.67,0.038,4,7,5,2,6,1727,1077,1331,226,1331
26,2287.843459,7.045e-28,4673.5381,0.0359,0.67,0.038,4,7,5,2,6,1727,1077,1331,226,1331
26,2289.717032,2.869e-28,4862.7411,0.0355,0.67,0.038,4,7,5,2,6,1727,1077,1331,226,1331
26,2291.548184,1.147e-28,5055.6029,0.0352,0.67,0.037,4,7,5,2,6,1727,1077,1331,226,1331
26,2293.336772,4.506e-29,5252.1162,0.0348,0.67,0.037,4,7,5,2,6,1727,1077,1331,226,1331
26,2295.082654,1.738e-29,5452.2733,0.0345,0.67,0.037,4,7,5,2,6,1727,1077,1331,226,1331
26,2296.785684,6.582e-30,5656.0666,0.0342,0.67,0.036,4,7,5,2,6,1727,1077,1331,226,1331
26,2298.445721,2.449e-30,5863.4883,0.0338,0.67,0.036,4,7,5,2,6,1727,1077,1331,226,1331
26,2300.06262,8.949e-31,6074.5304,0.0335,0.67,0.036,4,7,5,2,6,1727,1077,1331,226,1331
26,2301.636239,3.212e-31,6289.1847,0.0332,0.67,0.035,4,7,5,2,6,1727,1077,1331,226,1331
26,2303.166433,1.133e-31,6507.4431,0.0329,0.67,0.035,4,7,5,2,6,1727,1077,1331,226,1331
26,3970.718001,2.268e-31,5252.1162,0.0352,0.74,0.037,4,7,5,2,6,1727,1726,1331,723,1331
26,3977.939993,5.808e-31,5055.6029,0.0355,0.74,0.038,4,7,5,2,6,1727,1726,1331,723,1331
26,3985.09935,1.46e-30,4862.7411,0.0359,0.74,0.038,4,7,5,2,6,1727,1726,1331,723,1331
26,3988.681144,1.283e-31,5563.8184,0.039,0.7,0.041,4,6,5,2,6,1727,1726,1331,723,1331
26,3992.195935,3.605e-30,4673.5381,0.0362,0.74,0.038,4,7,5,2,6,1727,1726,1331,723,1331
26,3995.235482,2.714e-31,5405.6056,0.0395,0.7,0.042,4,6,5,2,6,1727,1726,1331,723,1331
26,3999.229609,8.74e-30,4488.0012,0.0366,0.74,0.039,4,7,5,2,6,1727,1726,1331,723,1331
26,4001.725775,5.637e-31,5251.0769,0.0399,0.7,0.042,4,6,5,2,6,1727,1726,1331,723,1331
26,4006.200232,2.081e-29,4306.1375,0.037,0.74,0.039,4,7,5,2,6,1727,1726,1331,723,1331
26,4008.15188,1.149e-30,5100.2382,0.0403,0.7,0.043,4,6,5,2,6,1727,1726,1331,723,1331
26,4013.107665,4.863e-29,4127.9539,0.0374,0.74,0.04,4,7,5,2,6,1727,1726,1331,723,1331
26,4014.513656,2.301e-30,4953.0954,0.0408,0.7,0.043,4,6,5,2,6,1727,1726,1331,723,1331
26,4019.951766,1.116e-28,3953.4574,0.0378,0.74,0.04,4,7,5,2,6,1727,1726,1331,723,1331
26,4020.810961,4.519e-30,4809.6541,0.0413,0.7,0.044,4,6,5,2,6,1727,1726,1331,723,1331
26,4026.732396,2.515e-28,3782.6547,0.0382,0.74,0.04,4,7,5,2,6,1727,1726,1331,723,1331
26,4027.043652,8.715e-30,4669.92,0.0417,0.7,0.044,4,6,5,2,6,1727,1726,1331,723,1331
26,4028.392585,1.004e-31,5683.5351,0.0465,0.7,0.049,4,6,5,6,6,1727,1726,1331,723,1331
26,4033.211587,1.65e-29,4533.8983,0.0422,0.7,0.045,4,6,5,2,6,1727,1726,1331,723,1331
26,4033.449414,5.561e-28,3615.5521,0.0386,0.74,0.041,4,7,5,2,6,1727,1726,1331,723,1331
26,4033.936133,1.591e-31,5582.0901,0.0471,0.71,0.05,4,6,5,6,6,1727,1726,1331,723,1331
26,4039.314621,3.062e-29,4401.5944,0.0427,0.7,0.045,4,6,5,2,6,1727,1726,1331,723,1331
26,4039.413483,2.472e-31,5484.3687,0.0477,0.71,0.051,4,6,5,6,6,1727,1726,1331,723,1331
26,4040.102678,1.208e-27,3452.1563,0.039,0.74,0.041,4,7,5,2,6,1727,1726,1331,723,1331
26,4044.824491,3.768e-31,5390.3747,0.0483,0.72,0.051,4,6,5,6,6,1727,1726,1331,723,1331
26,4045.352613,5.58e-29,4273.0133,0.0432,0.7,0.046,4,6,5,2,6,1727,1726,1331,723,1331
26,4046.692046,2.574e-27,3292.4734,0.0395,0.74,0.042,4,7,5,2,6,1727,1726,1331,723,1331
26,4050.169012,5.628e-31,5300.1117,0.049,0.72,0.052,4,6,5,8,6,1727,1726,1331,723,1331
26,4051.325417,9.974e-29,4148.1601,0.0438,0.7,0.046,4,6,5,6,6,1727,1726,1331,723,1331
26,4053.217377,5.384e-27,3136.5095,0.0399,0.74,0.042,4,7,5,2,6,1727,1726,1331,723,1331
26,4055.4469,8.24e-31,5213.5832,0.0496,0.73,0.053,4,6,5,8,6,1727,1726,1331,723,1331
26,4057.232891,1.75e-28,4027.0395,0.0443,0.7,0.047,4,6,5,6,6,1727,1726,1331,723,1331
26,4059.678528,1.105e-26,2984.2707,0.0403,0.74,0.043,4,7,5,2,6,1727,1726,1331,723,1331
26,4060.65801,1.182e-30,5130.7926,0.0503,0.73,0.053,4,6,5,8,6,1727,1726,1331,723,1331
26,4063.07489,3.011e-28,3909.6562,0.0448,0.7,0.047,4,7,5,6,6,1727,1726,1331,723,1331
26,4065.802198,1.662e-30,5051.7432,0.051,0.74,0.054,4,6,5,8,6,1727,1726,1331,723,1331
26,4066.075357,2.228e-26,2835.7627,0.0408,0.74,0.043,4,7,5,2,6,1727,1726,1331,723,1331
26,4068.851269,5.083e-28,3796.0149,0.0454,0.7,0.048,4,7,5,6,6,1727,1726,1331,723,1331
26,4070.879316,2.289e-30,4976.438,0.0517,0.74,0.055,4,6,5,8,6,1727,1726,1331,723,1331
26,4072.407721,4.405e-26,2690.9913,0.0413,0.74,0.044,4,7,5,2,6,1727,1726,1331,723,1331
26,4074.561886,8.414e-28,3686.1198,0.046,0.7,0.049,4,7,5,6,6,1727,1726,1331,723,1331
26,4075.88922,3.087e-30,4904.8799,0.0524,0.75,0.056,4,6,5,8,6,1727,1726,1331,723,1331
26,4078.675477,8.547e-26,2549.962,0.0417,0.74,0.044,4,7,5,2,6,1727,1726,1331,723,1331
26,4080.206594,1.366e-27,3579.9751,0.0465,0.7,0.049,4,7,5,6,6,1727,1726,1331,723,1331
26,4080.831764,4.075e-30,4837.0717,0.0531,0.75,0.057,4,6,5,8,6,1727,1726,1331,723,1331
26,4084.878481,1.628e-25,2412.6801,0.0422,0.74,0.045,4,7,5,2,6,1727,1726,1331,723,1331
26,4085.706802,5.265e-30,4773.0161,0.0538,0.76,0.058,4,6,5,8,6,1727,1726,1331,723,1331
26,4085.785249,2.175e-27,3477.5851,0.0471,0.71,0.05,4,7,5,6,6,1727,1726,1331,723,1331
26,4090.514187,6.652e-30,4712.7156,0.0545,0.76,0.059,4,6,5,8,6,1727,1726,1331,723,1331
26,4091.01659,3.041e-25,2279.1511,0.0427,0.74,0.045,4,7,5,2,6,1727,1726,1331,723,1331
26,4091.297706,3.395e-27,3378.9537,0.0477,0.71,0.051,4,7,5,6,6,1727,1726,1331,723,1331
26,4095.253774,8.217e-30,4656.1724,0.0553,0.77,0.059,4,6,5,8,6,1727,1726,1331,723,1331
26,4096.74382,5.195e-27,3284.0846,0.0483,0.72,0.051,4,7,5,6,6,1727,1726,1331,723,1331
26,4097.089659,5.573e-25,2149.3799,0.0432,0.74,0.046,4,7,5,2,6,1727,1726,1331,723,1331
26,4099.925416,9.915e-30,4603.3889,0.0561,0.78,0.06,4,6,5,8,6,1727,1726,1331,723,1331
26,4102.123445,7.794e-27,3192.9815,0.049,0.72,0.052,4,7,5,8,6,1727,1726,1331,723,1331
26,4103.097545,1.002e-24,2023.3715,0.0438,0.74,0.046,4,7,5,2,6,1727,1726,1331,723,1331
26,4104.528967,1.168e-29,4554.367,0.0569,0.78,0.062,4,6,5,8,6,1727,1726,1331,723,1331
26,4107.436435,1.145e-26,3105.6479,0.0496,0.73,0.053,4,7,5,8,6,1727,1726,1331,723,1331
26,4109.040103,1.767e-24,1901.1308,0.0443,0.74,0.047,4,7,5,2,6,1727,1726,1331,723,1331
26,4109.064281,1.342e-29,4509.1088,0.0577,0.79,0.063,4,6,5,8,6,1727,1726,1331,723,1331
26,4112.682646,1.65e-26,3022.0873,0.0503,0.73,0.053,4,7,5,8,6,1727,1726,1331,723,1331
26,4113.531211,1.501e-29,4467.6158,0.0586,0.79,0.064,4,6,5,8,6,1727,1726,1331,723,1331
26,4114.917189,3.057e-24,1782.6624,0.0448,0.74,0.047,4,8,5,2,6,1727,1726,1331,723,1331
26,4117.861932,2.328e-26,2942.3028,0.051,0.74,0.054,4,7,5,8,6,1727,1726,1331,723,1331
26,4117.92961,1.631e-29,4429.8898,0.0595,0.79,0.065,4,6,5,8,6,1727,1726,1331,723,1331
26,4120.728658,5.187e-24,1667.9709,0.0454,0.74,0.048,4,8,5,2,6,1727,1726,1331,723,1331
26,4122.259333,1.72e-29,4395.9322,0.0606,0.79,0.066,4,6,5,8,6,1727,1726,1331,723,1331
26,4122.974146,3.218e-26,2866.2975,0.0517,0.74,0.055,4,7,5,8,6,1727,1726,1331,723,1331
26,4126.474365,8.631e-24,1557.0607,0.046,0.74,0.049,4,8,5,2,6,1727,1726,1331,723,1331
26,4126.520232,1.752e-29,4365.7443,0.0618,0.78,0.068,4,6,5,8,6,1727,1726,1331,723,1331
26,4128.019142,4.354e-26,2794.0744,0.0524,0.75,0.056,4,7,5,8,6,1727,1726,1331,723,1331
26,4130.71216,1.718e-29,4339.3274,0.0632,0.77,0.069,4,6,5,8,6,1727,1726,1331,723,1331
26,4132.154165,1.408e-23,1449.936,0.0465,0.74,0.049,4,8,5,2,6,1727,1726,1331,723,1331
26,4132.996775,5.766e-26,2725.6361,0.0531,0.75,0.057,4,7,5,8,6,1727,1726,1331,723,1331
26,4134.834972,1.606e-29,4316.6824,0.0651,0.76,0.071,4,6,5,8,6,1727,1726,1331,723,1331
26,4137.767912,2.252e-23,1346.6008,0.0471,0.74,0.05,4,8,5,2,6,1727,1726,1331,723,1331
26,4137.906898,7.471e-26,2660.9855,0.0538,0.76,0.058,4,7,5,8,6,1727,1726,1331,723,1331
26,4138.88852,1.417e-29,4297.8102,0.0677,0.76,0.074,4,6,5,8,6,1727,1726,1331,723,1331
26,4142.749365,9.467e-26,2600.1249,0.0545,0.76,0.059,4,7,5,8,6,1727,1726,1331,723,1331
26,4142.872657,1.15e-29,4282.7116,0.0712,0.77,0.077,4,6,5,8,6,1727,1726,1331,723,1331
26,4143.315462,3.532e-23,1247.0592,0.0477,0.74,0.051,4,8,5,2,6,1727,1726,1331,723,1331
26,4146.787236,8.147e-30,4271.3871,0.0757,0.77,0.081,4,6,5,8,6,1727,1726,1331,723,1331
26,4147.524029,1.172e-25,2543.0567,0.0553,0.77,0.059,4,7,5,8,6,1727,1726,1331,723,1331
26,4148.796668,5.429e-23,1151.315,0.0483,0.74,0.051,5,8,5,2,6,1727,1726,1331,723,1331
26,4150.632112,4.25e-30,4263.8372,0.0803,0.78,0.087,4,6,5,8,6,1727,1726,1331,723,1331
26,4152.230744,1.419e-25,2489.7831,0.0561,0.78,0.06,4,7,5,8,6,1727,1726,1331,723,1331
26,4154.211385,8.176e-23,1059.3718,0.049,0.74,0.054,5,8,5,2,7,1727,1726,1331,723,723
26,4156.869364,1.674e-25,2440.3062,0.0569,0.78,0.062,4,7,5,8,6,1727,1726,1331,723,1331
26,4158.112162,4.379e-30,4260.0622,0.0803,0.78,0.087,4,6,5,8,6,1727,1726,1331,723,1331
26,4159.559466,1.207e-22,971.2332,0.0496,0.74,0.054,5,8,5,2,7,1727,1726,1331,723,723
26,4161.439742,1.927e-25,2394.6279,0.0577,0.79,0.063,4,7,5,8,6,1727,1726,1331,723,1331
26,4161.747043,8.649e-30,4263.8372,0.0757,0.78,0.081,4,6,5,8,6,1727,1726,1331,723,1331
26,4164.840767,1.745e-22,886.9024,0.0503,0.74,0.054,5,8,5,2,7,1727,1726,1331,723,723
26,4165.311632,1.258e-29,4271.3871,0.0712,0.77,0.077,4,6,5,8,6,1727,1726,1331,723,1331
26,4165.94173,2.16e-25,2352.7499,0.0586,0.79,0.064,4,7,5,8,6,1727,1726,1331,723,1331
26,4168.805783,1.597e-29,4282.7116,0.0677,0.76,0.074,4,6,5,8,6,1727,1726,1331,723,1331
26,4170.05514,2.471e-22,806.3828,0.051,0.74,0.054,5,8,5,7,7,1727,1726,1331,723,723
26,4170.375184,2.352e-25,2314.6739,0.0595,0.79,0.065,4,7,5,8,6,1727,1726,1331,723,1331
26,4172.229348,1.866e-29,4297.8102,0.0651,0.76,0.071,4,6,5,8,6,1727,1726,1331,723,1331
26,4174.739955,2.483e-25,2280.4013,0.0606,0.79,0.066,4,7,5,8,6,1727,1726,1331,723,1331
26,4175.20244,3.427e-22,729.6774,0.0517,0.74,0.054,5,8,5,8,7,1727,1726,1331,723,723
26,4175.58218,2.055e-29,4316.6824,0.0632,0.77,0.069,4,6,5,8,6,1727,1726,1331,723,1331
26,4178.864133,2.161e-29,4339.3274,0.0618,0.78,0.068,4,6,5,8,6,1727,1726,1331,723,1331
26,4179.035897,2.534e-25,2249.9334,0.0618,0.78,0.068,4,7,5,8,6,1727,1726,1331,723,1331
26,4180.28252,4.653e-22,656.7892,0.0524,0.76,0.054,6,8,5,8,7,1727,1726,1331,723,723
26,4182.07506,2.184e-29,4365.7443,0.0606,0.79,0.066,4,6,5,8,6,1727,1726,1331,723,1331
26,4183.262864,2.487e-25,2223.2714,0.0632,0.77,0.069,4,7,5,8,6,1727,1726,1331,723,1331
26,4185.214813,2.135e-29,4395.9322,0.0595,0.79,0.065,4,6,5,8,6,1727,1726,1331,723,1331
26,4185.295233,6.181e-22,587.7209,0.0531,0.76,0.054,6,8,5,8,7,1727,1726,1331,723,723
26,4187.420708,2.329e-25,2200.4164,0.0651,0.76,0.071,4,7,5,8,6,1727,1726,1331,723,1331
26,4188.283247,2.023e-29,4429.8898,0.0586,0.78,0.064,4,6,5,8,6,1727,1726,1331,723,1331
26,4190.240434,8.032e-22,522.4751,0.0538,0.76,0.054,6,8,5,8,7,1727,1726,1331,723,723
26,4191.280214,1.864e-29,4467.6158,0.0577,0.78,0.063,4,6,5,8,6,1727,1726,1331,723,1331
26,4191.509282,2.056e-25,2181.3692,0.0677,0.76,0.074,4,7,5,8,6,1727,1726,1331,723,1331
26,4194.205566,1.672e-29,4509.1088,0.0569,0.77,0.062,4,6,5,8,6,1727,1726,1331,723,1331
26,4195.117976,1.021e-21,461.0545,0.0545,0.76,0.054,6,8,5,8,7,1727,1726,1331,723,723
26,4195.52844,1.67e-25,2166.1305,0.0712,0.77,0.077,4,7,5,8,6,1727,1726,1331,723,1331
26,4197.059159,1.462e-29,4554.367,0.0561,0.77,0.06,4,6,5,8,6,1727,1726,1331,723,1331
26,4199.478034,1.184e-25,2154.701,0.0757,0.77,0.081,4,7,5,8,6,1727,1726,1331,723,1331
26,4199.840844,1.249e-29,4603.3889,0.0553,0.76,0.059,4,6,5,8,6,1727,1726,1331,723,1331
26,4199.927712,1.268e-21,403.4612,0.0553,0.77,0.054,6,8,5,8,7,1727,1726,1331,723,723
26,4202.550475,1.042e-29,4656.1724,0.0545,0.76,0.059,4,6,5,8,6,1727,1726,1331,723,1331
26,4203.357919,6.18e-26,2147.0811,0.0803,0.78,0.087,4,7,5,8,6,1727,1726,1331,723,1331
26,4204.669495,1.537e-21,349.6975,0.0561,0.78,0.054,6,8,5,8,7,1727,1726,1331,723,723
26,4205.187906,8.491e-30,4712.7156,0.0538,0.75,0.058,4,6,5,8,6,1727,1726,1331,723,1331
26,4207.752989,6.772e-30,4773.0161,0.0531,0.75,0.057,4,6,5,8,6,1727,1726,1331,723,1331
26,4209.343179,1.819e-21,299.7656,0.0569,0.78,0.054,6,8,5,8,7,1727,1726,1331,723,723
26,4210.245578,5.284e-30,4837.0717,0.0524,0.74,0.056,4,6,5,8,6,1727,1726,1331,723,1331
26,4210.90797,6.369e-26,2143.2711,0.0803,0.78,0.087,4,7,5,8,6,1727,1726,1331,723,1331
26,4212.665526,4.036e-30,4904.8799,0.0517,0.74,0.055,4,6,5,8,6,1727,1726,1331,723,1331
26,4213.948616,2.097e-21,253.6672,0.0577,0.79,0.054,6,8,5,8,7,1727,1726,1331,723,723
26,4214.577843,1.258e-25,2147.0811,0.0757,0.78,0.081,4,7,5,8,6,1727,1726,1331,723,1331
26,4215.012687,3.019e-30,4976.438,0.051,0.73,0.054,4,6,5,8,6,1727,1726,1331,723,1331
26,4217.286914,2.212e-30,5051.7432,0.0503,0.73,0.053,4,6,5,8,6,1727,1726,1331,723,1331
26,4218.177418,1.829e-25,2154.701,0.0712,0.77,0.077,4,7,5,8,6,1727,1726,1331,723,1331
26,4218.485661,2.355e-21,211.4041,0.0586,0.79,0.054,6,8,5,8,7,1727,1726,1331,723,723
26,4219.48806,1.588e-30,5130.7926,0.0496,0.72,0.053,4,6,5,8,6,1727,1726,1331,723,1331
26,4221.615979,1.117e-30,5213.5832,0.049,0.72,0.052,4,6,5,8,6,1727,1726,1331,723,1331
26,4221.706549,2.321e-25,2166.1305,0.0677,0.76,0.074,4,7,5,8,6,1727,1726,1331,723,1331
26,4222.954166,2.57e-21,172.978,0.0595,0.79,0.054,6,8,5,8,7,1727,1726,1331,723,723
26,4223.670524,7.704e-31,5300.1117,0.0483,0.71,0.051,4,6,5,8,6,1727,1726,1331,723,1331
26,4225.165088,2.71e-25,2181.3692,0.0651,0.76,0.071,4,7,5,8,6,1727,1726,1331,723,1331
26,4225.651549,5.208e-31,5390.3747,0.0477,0.71,0.051,4,6,5,6,6,1727,1726,1331,723,1331
26,4227.353984,2.718e-21,138.3904,0.0606,0.79,0.054,6,8,5,8,7,1727,1726,1331,723,723
26,4227.558907,3.451e-31,5484.3687,0.0471,0.7,0.05,4,6,5,6,6,1727,1726,1331,723,1331
26,4228.552889,2.982e-25,2200.4164,0.0632,0.77,0.069,4,7,5,8,6,1727,1726,1331,723,1331
26,4229.392451,2.243e-31,5582.0901,0.0465,0.7,0.049,4,6,5,6,6,1727,1726,1331,723,1331
26,4231.152036,1.43e-31,5683.5351,0.046,0.7,0.049,4,6,5,6,6,1727,1726,1331,723,1331
26,4231.684968,2.778e-21,107.6424,0.0618,0.78,0.054,6,8,5,8,7,1727,1726,1331,723,723
26,4231.869805,3.132e-25,2223.2714,0.0618,0.78,0.068,4,7,5,8,6,1727,1726,1331,723,1331
26,4235.115689,3.164e-25,2249.9334,0.0606,0.79,0.066,4,7,5,8,6,1727,1726,1331,723,1331
26,4235.946971,2.73e-21,80.7354,0.0632,0.77,0.054,6,8,5,8,7,1727,1726,1331,723,723
26,4238.290395,3.089e-25,2280.4013,0.0595,0.79,0.065,4,7,5,8,6,1727,1726,1331,723,1331
26,4240.139847,2.559e-21,57.6704,0.0651,0.76,0.054,6,8,5,8,7,1727,1726,1331,723,723
26,4241.393775,2.923e-25,2314.6739,0.0586,0.78,0.064,4,7,5,8,6,1727,1726,1331,723,1331
26,4244.263448,2.261e-21,38.4481,0.0677,0.76,0.054,6,8,5,8,7,1727,1726,1331,723,723
26,4244.425684,2.688e-25,2352.7499,0.0577,0.78,0.063,4,7,5,8,6,1727,1726,1331,723,1331
26,4247.385974,2.407e-25,2394.6279,0.0569,0.77,0.062,4,7,5,8,6,1727,1726,1331,723,1331
26,4248.317628,1.838e-21,23.0695,0.0712,0.77,0.054,6,8,5,8,7,1727,1726,1331,723,723
26,4250.274499,2.101e-25,2440.3062,0.0561,0.77,0.06,4,7,5,8,6,1727,1726,1331,723,1331
26,4252.302239,1.304e-21,11.535,0.0757,0.77,0.054,6,8,5,8,7,1727,1726,1331,723,723
26,4253.091113,1.791e-25,2489.7831,0.0553,0.76,0.059,4,7,5,8,6,1727,1726,1331,723,1331
26,4255.835668,1.49e-25,2543.0567,0.0545,0.76,0.059,4,7,5,8,6,1727,1726,1331,723,1331
26,4256.217135,6.808e-22,3.845,0.0803,0.78,0.054,6,8,5,8,7,1727,1726,1331,723,723
26,4258.508018,1.211e-25,2600.1249,0.0538,0.75,0.058,4,7,5,8,6,1727,1726,1331,723,1331
26,4261.108017,9.64e-26,2660.9855,0.0531,0.75,0.057,4,7,5,8,6,1727,1726,1331,723,1331
26,4263.635519,7.501e-26,2725.6361,0.0524,0.74,0.056,4,7,5,8,6,1727,1726,1331,723,1331
26,4263.837193,7.019e-22,0.0,0.0803,0.78,0.054,6,8,5,8,7,1727,1726,1331,723,723
26,4266.090377,5.713e-26,2794.0744,0.0517,0.74,0.055,4,7,5,8,6,1727,1726,1331,723,1331
26,4267.542061,1.386e-21,3.845,0.0757,0.78,0.054,6,8,5,8,7,1727,1726,1331,723,723
26,4268.472445,4.26e-26,2866.2975,0.051,0.73,0.054,4,7,5,8,6,1727,1726,1331,723,1331
26,4270.781576,3.112e-26,2942.3028,0.0503,0.73,0.053,4,7,5,8,6,1727,1726,1331,723,1331
26,4271.176626,2.016e-21,11.535,0.0712,0.77,0.054,6,8,5,8,7,1727,1726,1331,723,723
26,4273.017625,2.226e-26,3022.0873,0.0496,0.72,0.053,4,7,5,8,6,1727,1726,1331,723,1331
26,4274.740741,2.556e-21,23.0695,0.0677,0.76,0.054,6,8,5,8,7,1727,1726,1331,723,723
26,4275.180445,1.56e-26,3105.6479,0.049,0.72,0.052,4,7,5,8,6,1727,1726,1331,723,1331
26,4277.269889,1.071e-26,3192.9815,0.0483,0.71,0.051,4,7,5,8,6,1727,1726,1331,723,1331
26,4278.234259,2.983e-21,38.4481,0.0651,0.76,0.054,6,8,5,8,7,1727,1726,1331,723,723
26,4279.285813,7.215e-27,3284.0846,0.0477,0.71,0.051,4,7,5,6,6,1727,1726,1331,723,1331
26,4281.228069,4.762e-27,3378.9537,0.0471,0.7,0.05,4,7,5,6,6,1727,1726,1331,723,1331
26,4281.657035,3.28e-21,57.6704,0.0632,0.77,0.054,6,8,5,8,7,1727,1726,1331,723,723
26,4283.096512,3.082e-27,3477.5851,0.0465,0.7,0.049,4,7,5,6,6,1727,1726,1331,723,1331
26,4284.890996,1.955e-27,3579.9751,0.046,0.7,0.049,4,7,5,6,6,1727,1726,1331,723,1331
26,4285.00892,3.442e-21,80.7354,0.0618,0.78,0.054,6,8,5,8,7,1727,1726,1331,723,723
26,4286.611375,1.216e-27,3686.1198,0.0454,0.7,0.048,4,7,5,6,6,1727,1726,1331,723,1331
26,4288.257502,7.427e-28,3796.0149,0.0448,0.7,0.047,4,7,5,6,6,1727,1726,1331,723,1331
26,4288.289768,3.473e-21,107.6424,0.0606,0.79,0.054,6,8,5,8,7,1727,1726,1331,723,723
26,4289.829232,4.446e-28,3909.6562,0.0443,0.7,0.047,4,6,5,6,6,1727,1726,1331,723,1331
26,4291.326419,2.611e-28,4027.0395,0.0438,0.7,0.046,4,6,5,6,6,1727,1726,1331,723,1331
26,4291.499433,3.386e-21,138.3904,0.0595,0.79,0.054,6,8,5,8,7,1727,1726,1331,723,723
26,4292.748917,1.504e-28,4148.1601,0.0432,0.7,0.046,4,6,5,6,6,1727,1726,1331,723,1331
26,4294.096581,8.503e-29,4273.0133,0.0427,0.7,0.045,4,6,5,2,6,1727,1726,1331,723,1331
26,4294.637768,3.199e-21,172.978,0.0586,0.78,0.054,6,8,5,8,7,1727,1726,1331,723,723
26,4295.369263,4.717e-29,4401.5944,0.0422,0.7,0.045,4,6,5,2,6,1727,1726,1331,723,1331
26,4296.56682,2.567e-29,4533.8983,0.0417,0.7,0.044,4,6,5,2,6,1727,1726,1331,723,1331
26,4297.689103,1.371e-29,4669.92,0.0413,0.7,0.044,4,6,5,2,6,1727,1726,1331,723,1331
26,4297.704627,2.938e-21,211.4041,0.0577,0.78,0.054,6,8,5,8,7,1727,1726,1331,723,723
26,4298.735969,7.187e-30,4809.6541,0.0408,0.7,0.043,4,6,5,2,6,1727,1726,1331,723,1331
26,4299.70727,3.698e-30,4953.0954,0.0403,0.7,0.043,4,6,5,2,6,1727,1726,1331,723,1331
26,4300.602861,1.868e-30,5100.2382,0.0399,0.7,0.042,4,6,5,2,6,1727,1726,1331,723,1331
26,4300.699863,2.626e-21,253.6672,0.0569,0.77,0.054,6,8,5,8,7,1727,1726,1331,723,723
26,4301.422597,9.255e-31,5251.0769,0.0395,0.7,0.042,4,6,5,2,6,1727,1726,1331,723,1331
26,4302.16633,4.504e-31,5405.6056,0.039,0.7,0.041,4,6,5,2,6,1727,1726,1331,723,1331
26,4302.833916,2.152e-31,5563.8184,0.0386,0.7,0.041,4,6,5,2,6,1727,1726,1331,723,1331
26,4303.425207,1.009e-31,5725.709,0.0382,0.7,0.04,4,6,5,2,6,1727,1726,1331,723,1331
26,4303.623329,2.289e-21,299.7656,0.0561,0.77,0.054,6,8,5,8,7,1727,1726,1331,723,723
26,4306.47488,1.945e-21,349.6975,0.0553,0.76,0.054,6,8,5,8,7,1727,1726,1331,723,723
26,4309.254369,1.615e-21,403.4612,0.0545,0.76,0.054,6,8,5,8,7,1727,1726,1331,723,723
26,4311.96165,1.31e-21,461.0545,0.0538,0.75,0.054,6,8,5,8,7,1727,1726,1331,723,723
26,4314.596576,1.04e-21,522.4751,0.0531,0.75,0.054,6,8,5,8,7,1727,1726,1331,723,723
26,4317.159002,8.068e-22,587.7209,0.0524,0.75,0.054,6,8,5,8,7,1727,1726,1331,723,723
26,4319.648781,6.126e-22,656.7892,0.0517,0.74,0.054,6,8,5,8,7,1727,1726,1331,723,723
26,4322.065768,4.554e-22,729.6774,0.051,0.73,0.054,6,8,5,8,7,1727,1726,1331,723,723
26,4324.409816,3.315e-22,806.3828,0.0503,0.75,0.054,5,8,5,7,7,1727,1726,1331,723,723
26,4326.68078,2.364e-22,886.9024,0.0496,0.74,0.054,5,8,5,2,7,1727,1726,1331,723,723
26,4328.878514,1.65e-22,971.2332,0.049,0.74,0.054,5,8,5,2,7,1727,1726,1331,723,723
26,4331.002872,1.13e-22,1059.3718,0.0483,0.74,0.054,5,8,5,2,7,1727,1726,1331,723,723
26,4333.053708,7.574e-23,1151.315,0.0477,0.74,0.051,5,8,5,2,6,1727,1726,1331,723,1331
26,4335.030877,4.978e-23,1247.0592,0.0471,0.74,0.05,5,8,5,2,6,1727,1726,1331,723,1331
26,4336.934234,3.207e-23,1346.6008,0.0465,0.74,0.049,5,8,5,2,6,1727,1726,1331,723,1331
26,4338.763632,2.026e-23,1449.936,0.046,0.74,0.049,5,8,5,2,6,1727,1726,1331,723,1331
26,4340.518926,1.255e-23,1557.0607,0.0454,0.74,0.048,5,8,5,2,6,1727,1726,1331,723,1331
26,4342.19997,7.623e-24,1667.9709,0.0448,0.74,0.047,5,8,5,2,6,1727,1726,1331,723,1331
26,4343.806621,4.541e-24,1782.6624,0.0443,0.74,0.047,4,7,5,2,6,1727,1726,1331,723,1331
26,4345.338731,2.653e-24,1901.1308,0.0438,0.74,0.046,4,7,5,2,6,1727,1726,1331,723,1331
26,4346.796156,1.52e-24,2023.3715,0.0432,0.74,0.046,4,7,5,2,6,1727,1726,1331,723,1331
26,4348.17875,8.546e-25,2149.3799,0.0427,0.74,0.045,4,7,5,2,6,1727,1726,1331,723,1331
26,4349.486369,4.714e-25,2279.1511,0.0422,0.74,0.045,4,7,5,2,6,1727,1726,1331,723,1331
26,4350.718866,2.55e-25,2412.6801,0.0417,0.74,0.044,4,7,5,2,6,1727,1726,1331,723,1331
26,4351.876098,1.355e-25,2549.962,0.0413,0.74,0.044,4,7,5,2,6,1727,1726,1331,723,1331
26,4352.957917,7.054e-26,2690.9913,0.0408,0.74,0.043,4,7,5,2,6,1727,1726,1331,723,1331
26,4353.964181,3.606e-26,2835.7627,0.0403,0.74,0.043,4,7,5,2,6,1727,1726,1331,723,1331
26,4354.894743,1.809e-26,2984.2707,0.0399,0.74,0.042,4,7,5,2,6,1727,1726,1331,723,1331
26,4355.749458,8.908e-27,3136.5095,0.0395,0.74,0.042,4,7,5,2,6,1727,1726,1331,723,1331
26,4356.52818,4.305e-27,3292.4734,0.039,0.74,0.041,4,7,5,2,6,1727,1726,1331,723,1331
26,4357.230766,2.042e-27,3452.1563,0.0386,0.74,0.041,4,7,5,2,6,1727,1726,1331,723,1331
26,4357.857069,9.508e-28,3615.5521,0.0382,0.74,0.04,4,7,5,2,6,1727,1726,1331,723,1331
26,4358.406945,4.346e-28,3782.6547,0.0378,0.74,0.04,4,7,5,2,6,1727,1726,1331,723,1331
26,4358.880248,1.95e-28,3953.4574,0.0374,0.74,0.04,4,7,5,2,6,1727,1726,1331,723,1331
26,4359.276833,8.59e-29,4127.9539,0.037,0.74,0.039,4,7,5,2,6,1727,1726,1331,723,1331
26,4359.596555,3.715e-29,4306.1375,0.0366,0.74,0.039,4,7,5,2,6,1727,1726,1331,723,1331
26,4359.839268,1.577e-29,4488.0012,0.0362,0.74,0.038,4,7,5,2,6,1727,1726,1331,723,1331
26,4359.892606,1.658e-31,5452.2733,0.0345,0.74,0.037,4,7,5,2,6,1727,1726,1331,723,1331
26,4360.004826,6.578e-30,4673.5381,0.0359,0.74,0.038,4,7,5,2,6,1727,1726,1331,723,1331
26,4360.03712,4.277e-31,5252.1162,0.0348,0.74,0.037,4,7,5,2,6,1727,1726,1331,723,1331
26,4360.093085,2.693e-30,4862.7411,0.0355,0.74,0.038,4,7,5,2,6,1727,1726,1331,723,1331
26,4360.103898,1.083e-30,5055.6029,0.0352,0.74,0.037,4,7,5,2,6,1727,1726,1331,723,1331
26,6067.257502,2.256e-31,4127.9539,0.0374,0.67,0.04,4,7,5,6,6,1727,1733,1331,226,1331
26,6075.676807,5.205e-31,3953.4574,0.0378,0.67,0.04,4,7,5,6,6,1727,1733,1331,226,1331
26,6076.417563,1.134e-31,4533.8983,0.0422,0.67,0.045,4,7,5,6,6,1727,1733,1331,226,1331
26,6083.71061,2.117e-31,4401.5944,0.0427,0.67,0.045,4,7,5,6,6,1727,1733,1331,226,1331
26,6083.997621,1.179e-30,3782.6547,0.0382,0.67,0.04,4,7,5,6,6,1727,1733,1331,226,1331
26,6090.903607,3.877e-31,4273.0133,0.0432,0.67,0.046,4,7,5,6,6,1727,1733,1331,226,1331
26,6092.219805,2.621e-30,3615.5521,0.0386,0.67,0.041,4,7,5,6,6,1727,1733,1331,226,1331
26,6097.996409,6.97e-31,4148.1601,0.0438,0.67,0.046,4,7,5,6,6,1727,1733,1331,226,1331
26,6100.34322,5.72e-30,3452.1563,0.039,0.67,0.041,4,7,5,6,6,1727,1733,1331,226,1331
26,6104.988874,1.23e-30,4027.0395,0.0443,0.67,0.047,4,7,5,6,6,1727,1733,1331,226,1331
26,6108.367724,1.226e-29,3292.4734,0.0395,0.67,0.042,4,7,5,6,6,1727,1733,1331,226,1331
26,6111.880859,2.127e-30,3909.6562,0.0448,0.67,0.047,4,7,5,6,6,1727,1733,1331,226,1331
26,6116.293177,2.577e-29,3136.5095,0.0399,0.67,0.042,4,7,5,6,6,1727,1733,1331,226,1331
26,6118.672221,3.61e-30,3796.0149,0.0454,0.67,0.048,4,7,5,6,6,1727,1733,1331,226,1331
26,6124.119439,5.321e-29,2984.2707,0.0403,0.67,0.043,4,7,5,6,6,1727,1733,1331,226,1331
26,6125.362814,6.009e-30,3686.1198,0.046,0.67,0.049,4,9,5,6,6,1727,1733,1331,226,1331
26,6131.846368,1.077e-28,2835.7627,0.0408,0.67,0.043,4,7,5,6,6,1727,1733,1331,226,1331
26,6131.952496,9.812e-30,3579.9751,0.0465,0.67,0.049,4,9,5,6,6,1727,1733,1331,226,1331
26,6138.441122,1.572e-29,3477.5851,0.0471,0.67,0.05,4,9,5,6,6,1727,1733,1331,226,1331
26,6139.473821,2.144e-28,2690.9913,0.0413,0.67,0.044,4,7,5,6,6,1727,1733,1331,226,1331
26,6139.972218,1.19e-31,4554.367,0.0569,0.74,0.062,4,9,5,6,6,1727,1733,1331,226,1331
26,6144.828548,2.466e-29,3378.9537,0.0477,0.67,0.051,4,9,5,6,6,1727,1733,1331,226,1331
26,6144.89247,1.375e-31,4509.1088,0.0577,0.75,0.063,4,9,5,6,6,1727,1733,1331,226,1331
26,6147.001657,4.182e-28,2549.962,0.0417,0.67,0.044,4,7,5,6,6,1727,1733,1331,226,1331
26,6149.709343,1.547e-31,4467.6158,0.0586,0.75,0.064,4,9,5,6,6,1727,1733,1331,226,1331
26,6151.114629,3.795e-29,3284.0846,0.0483,0.67,0.051,4,9,5,6,6,1727,1733,1331,226,1331
26,6154.422691,1.692e-31,4429.8898,0.0595,0.75,0.065,4,9,5,6,6,1727,1733,1331,226,1331
26,6154.429733,8.007e-28,2412.6801,0.0422,0.67,0.045,4,7,5,6,6,1727,1733,1331,226,1331
26,6157.29922,5.726e-29,3192.9815,0.049,0.67,0.052,4,9,5,6,6,1727,1733,1331,226,1331
26,6159.032367,1.793e-31,4395.9322,0.0606,0.75,0.066,4,9,5,6,6,1727,1733,1331,226,1331
26,6161.757906,1.504e-27,2279.1511,0.0427,0.67,0.045,4,7,5,6,6,1727,1733,1331,226,1331
26,6163.382175,8.466e-29,3105.6479,0.0496,0.67,0.053,4,9,5,6,6,1727,1733,1331,226,1331
26,6163.538225,1.839e-31,4365.7443,0.0618,0.75,0.068,4,9,5,6,6,1727,1733,1331,226,1331
26,6167.940119,1.813e-31,4339.3274,0.0632,0.74,0.069,4,9,5,6,6,1727,1733,1331,226,1331
26,6168.986034,2.774e-27,2149.3799,0.0432,0.67,0.046,4,7,5,6,6,1727,1733,1331,226,1331
26,6169.363351,1.227e-28,3022.0873,0.0503,0.67,0.053,4,9,5,6,6,1727,1733,1331,226,1331
26,6172.237901,1.706e-31,4316.6824,0.0651,0.74,0.071,4,9,5,6,6,1727,1733,1331,226,1331
26,6175.2426,1.741e-28,2942.3028,0.051,0.67,0.054,4,9,5,6,6,1727,1733,1331,226,1331
26,6176.113972,5.014e-27,2023.3715,0.0438,0.67,0.046,5,7,5,6,6,1727,1733,1331,226,1331
26,6176.431425,1.513e-31,4297.8102,0.0677,0.74,0.074,4,9,5,6,6,1727,1733,1331,226,1331
26,6180.520544,1.236e-31,4282.7116,0.0712,0.74,0.077,4,9,5,6,6,1727,1733,1331,226,1331
26,6181.019779,2.419e-28,2866.2975,0.0517,0.67,0.055,5,9,5,6,6,1727,1733,1331,226,1331
26,6183.141577,8.896e-27,1901.1308,0.0443,0.67,0.047,5,7,5,6,6,1727,1733,1331,226,1331
26,6186.69474,3.293e-28,2794.0744,0.0524,0.68,0.056,5,9,5,6,6,1727,1733,1331,226,1331
26,6190.068705,1.548e-26,1782.6624,0.0448,0.67,0.047,4,7,5,6,6,1727,1733,1331,226,1331
26,6192.267338,4.387e-28,2725.6361,0.0531,0.69,0.057,4,9,5,6,6,1727,1733,1331,226,1331
26,6196.895212,2.64e-26,1667.9709,0.0454,0.67,0.048,4,7,5,6,6,1727,1733,1331,226,1331
26,6197.737428,5.718e-28,2660.9855,0.0538,0.7,0.058,4,9,5,6,6,1727,1733,1331,226,1331
26,6202.854537,1.402e-31,4271.3871,0.0712,0.74,0.077,4,9,5,6,6,1727,1733,1331,226,1331
26,6203.104863,7.289e-28,2600.1249,0.0545,0.71,0.059,5,9,5,6,6,1727,1733,1331,226,1331
26,6203.620953,4.42e-26,1557.0607,0.046,0.67,0.049,5,9,5,6,6,1727,1733,1331,226,1331
26,6206.208712,1.79e-31,4282.7116,0.0677,0.74,0.074,4,9,5,6,6,1727,1733,1331,226,1331
26,6208.369496,9.082e-28,2543.0567,0.0553,0.72,0.059,5,9,5,6,6,1727,1733,1331,226,1331
26,6209.457306,2.105e-31,4297.8102,0.0651,0.74,0.071,4,9,5,6,6,1727,1733,1331,226,1331
26,6210.245783,7.254e-26,1449.936,0.0465,0.67,0.049,5,9,5,6,6,1727,1733,1331,226,1331
26,6212.600174,2.332e-31,4316.6824,0.0632,0.74,0.069,4,9,5,6,6,1727,1733,1331,226,1331
26,6213.531182,1.105e-27,2489.7831,0.0561,0.73,0.06,5,9,5,6,6,1727,1733,1331,226,1331
26,6215.637168,2.467e-31,4339.3274,0.0618,0.75,0.068,4,9,5,6,6,1727,1733,1331,226,1331
26,6216.769558,1.167e-25,1346.6008,0.0471,0.67,0.05,5,9,5,6,6,1727,1733,1331,226,1331
26,6218.568141,2.51e-31,4365.7443,0.0606,0.75,0.066,4,9,5,6,6,1727,1733,1331,226,1331
26,6218.589775,1.312e-27,2440.3062,0.0569,0.74,0.062,5,9,5,6,6,1727,1733,1331,226,1331
26,6221.392946,2.467e-31,4395.9322,0.0595,0.75,0.065,4,9,5,6,6,1727,1733,1331,226,1331
26,6223.192132,1.841e-25,1247.0592,0.0477,0.67,0.051,5,9,5,6,6,1727,1733,1331,226,1331
26,6223.545127,1.519e-27,2394.6279,0.0577,0.75,0.063,5,9,5,6,6,1727,1733,1331,226,1331
26,6224.111436,2.352e-31,4429.8898,0.0586,0.75,0.064,4,9,5,6,6,1727,1733,1331,226,1331
26,6226.723465,2.181e-31,4467.6158,0.0577,0.75,0.063,4,9,5,6,6,1727,1733,1331,226,1331
26,6228.397092,1.713e-27,2352.7499,0.0586,0.75,0.064,5,9,5,6,6,1727,1733,1331,226,1331
26,6229.228885,1.969e-31,4509.1088,0.0569,0.74,0.062,4,9,5,6,6,1727,1733,1331,226,1331
26,6229.513361,2.848e-25,1151.315,0.0483,0.67,0.051,5,9,5,6,6,1727,1733,1331,226,1331
26,6231.627548,1.733e-31,4554.367,0.0561,0.73,0.06,4,9,5,6,6,1727,1733,1331,226,1331
26,6233.145524,1.877e-27,2314.6739,0.0595,0.75,0.065,5,9,5,6,6,1727,1733,1331,226,1331
26,6233.919309,1.489e-31,4603.3889,0.0553,0.72,0.059,4,9,5,6,6,1727,1733,1331,226,1331
26,6235.733098,4.315e-25,1059.3718,0.049,0.67,0.052,5,9,5,6,6,1727,1733,1331,226,1331
26,6236.10402,1.25e-31,4656.1724,0.0545,0.71,0.059,4,9,5,6,6,1727,1733,1331,226,1331
26,6237.790276,1.995e-27,2280.4013,0.0606,0.75,0.066,5,9,5,6,6,1727,1733,1331,226,1331
26,6241.851198,6.405e-25,971.2332,0.0496,0.67,0.053,5,9,5,6,6,1727,1733,1331,226,1331
26,6242.331201,2.049e-27,2249.9334,0.0618,0.75,0.068,5,9,5,6,6,1727,1733,1331,226,1331
26,6246.768153,2.022e-27,2223.2714,0.0632,0.74,0.069,5,9,5,6,6,1727,1733,1331,226,1331
26,6247.867515,9.318e-25,886.9024,0.0503,0.67,0.053,5,9,5,6,6,1727,1733,1331,226,1331
26,6251.100984,1.906e-27,2200.4164,0.0651,0.74,0.071,5,9,5,6,6,1727,1733,1331,226,1331
26,6253.781903,1.327e-24,806.3828,0.051,0.67,0.054,5,9,5,6,6,1727,1733,1331,226,1331
26,6255.329548,1.693e-27,2181.3692,0.0677,0.74,0.074,4,9,5,6,6,1727,1733,1331,226,1331
26,6259.453699,1.383e-27,2166.1305,0.0712,0.74,0.077,5,9,5,6,6,1727,1733,1331,226,1331
26,6259.594217,1.853e-24,729.6774,0.0517,0.67,0.055,5,9,5,6,6,1727,1733,1331,226,1331
26,6263.473288,9.869e-28,2154.701,0.0757,0.75,0.081,5,9,5,6,6,1727,1733,1331,226,1331
26,6265.30431,2.531e-24,656.7892,0.0524,0.68,0.056,5,9,5,6,6,1727,1733,1331,226,1331
26,6267.388171,5.183e-28,2147.0811,0.0803,0.76,0.087,5,9,5,6,6,1727,1733,1331,226,1331
26,6270.912035,3.382e-24,587.7209,0.0531,0.69,0.057,5,9,5,6,6,1727,1733,1331,226,1331
26,6274.903224,5.409e-28,2143.2711,0.0803,0.76,0.087,4,9,5,6,6,1727,1733,1331,226,1331
26,6276.417246,4.423e-24,522.4751,0.0538,0.7,0.058,5,9,5,6,6,1727,1733,1331,226,1331
26,6278.503102,1.075e-27,2147.0811,0.0757,0.75,0.081,5,9,5,6,6,1727,1733,1331,226,1331
26,6281.819798,5.655e-24,461.0545,0.0545,0.71,0.059,5,9,5,6,6,1727,1733,1331,226,1331
26,6281.997685,1.574e-27,2154.701,0.0712,0.74,0.077,5,9,5,6,6,1727,1733,1331,226,1331
26,6285.386825,2.008e-27,2166.1305,0.0677,0.74,0.074,5,9,5,6,6,1727,1733,1331,226,1331
26,6287.119542,7.067e-24,403.4612,0.0553,0.72,0.059,5,9,5,6,6,1727,1733,1331,226,1331
26,6288.670377,2.361e-27,2181.3692,0.0651,0.74,0.071,5,9,5,6,6,1727,1733,1331,226,1331
26,6291.848192,2.614e-27,2200.4164,0.0632,0.74,0.069,5,9,5,6,6,1727,1733,1331,226,1331
26,6292.316334,8.623e-24,349.6975,0.0561,0.73,0.06,5,9,5,6,6,1727,1733,1331,226,1331
26,6294.920126,2.763e-27,2223.2714,0.0618,0.75,0.068,4,9,5,6,6,1727,1733,1331,226,1331
26,6297.410025,1.026e-23,299.7656,0.0569,0.74,0.062,5,9,5,6,6,1727,1733,1331,226,1331
26,6297.886029,2.809e-27,2249.9334,0.0606,0.75,0.066,5,9,5,6,6,1727,1733,1331,226,1331
26,6300.745756,2.759e-27,2280.4013,0.0595,0.75,0.065,5,9,5,6,6,1727,1733,1331,226,1331
26,6302.400469,1.192e-23,253.6672,0.0577,0.75,0.063,5,9,5,6,6,1727,1733,1331,226,1331
26,6303.499161,2.626e-27,2314.6739,0.0586,0.75,0.064,5,9,5,6,6,1727,1733,1331,226,1331
26,6306.146095,2.431e-27,2352.7499,0.0577,0.75,0.063,5,9,5,6,6,1727,1733,1331,226,1331
26,6307.287519,1.347e-23,211.4041,0.0586,0.75,0.064,5,9,5,6,6,1727,1733,1331,226,1331
26,6308.686412,2.191e-27,2394.6279,0.0569,0.74,0.062,5,9,5,6,6,1727,1733,1331,226,1331
26,6311.119967,1.926e-27,2440.3062,0.0561,0.73,0.06,5,9,5,6,6,1727,1733,1331,226,1331
26,6312.071029,1.479e-23,172.978,0.0595,0.75,0.065,5,9,5,6,6,1727,1733,1331,226,1331
26,6313.446611,1.652e-27,2489.7831,0.0553,0.72,0.059,5,9,5,6,6,1727,1733,1331,226,1331
26,6315.666198,1.383e-27,2543.0567,0.0545,0.71,0.059,5,9,5,6,6,1727,1733,1331,226,1331
26,6316.750852,1.574e-23,138.3904,0.0606,0.75,0.066,5,9,5,6,6,1727,1733,1331,226,1331
26,6317.778582,1.133e-27,2600.1249,0.0538,0.7,0.058,5,9,5,6,6,1727,1733,1331,226,1331
26,6319.783615,9.061e-28,2660.9855,0.0531,0.69,0.057,5,9,5,6,6,1727,1733,1331,226,1331
26,6321.32684,1.619e-23,107.6424,0.0618,0.75,0.068,5,9,5,6,6,1727,1733,1331,226,1331
26,6321.681152,7.096e-28,2725.6361,0.0524,0.68,0.056,5,9,5,6,6,1727,1733,1331,226,1331
26,6323.471046,5.439e-28,2794.0744,0.0517,0.67,0.055,5,9,5,6,6,1727,1733,1331,226,1331
26,6325.153149,4.082e-28,2866.2975,0.051,0.67,0.054,5,9,5,6,6,1727,1733,1331,226,1331
26,6325.798847,1.6e-23,80.7354,0.0632,0.74,0.069,5,9,5,6,6,1727,1733,1331,226,1331
26,6326.727316,3e-28,2942.3028,0.0503,0.67,0.053,5,9,5,6,6,1727,1733,1331,226,1331
26,6328.1934,2.161e-28,3022.0873,0.0496,0.67,0.053,4,9,5,6,6,1727,1733,1331,226,1331
26,6329.551254,1.524e-28,3105.6479,0.049,0.67,0.052,4,9,5,6,6,1727,1733,1331,226,1331
26,6330.166726,1.51e-23,57.6704,0.0651,0.74,0.071,5,9,5,6,6,1727,1733,1331,226,1331
26,6330.800732,1.054e-28,3192.9815,0.0483,0.67,0.051,5,9,5,6,6,1727,1733,1331,226,1331
26,6331.941686,7.141e-29,3284.0846,0.0477,0.67,0.051,4,9,5,6,6,1727,1733,1331,226,1331
26,6332.973972,4.744e-29,3378.9537,0.0471,0.67,0.05,4,9,5,6,6,1727,1733,1331,226,1331
26,6333.897441,3.089e-29,3477.5851,0.0465,0.67,0.049,4,9,5,6,6,1727,1733,1331,226,1331
26,6334.430329,1.343e-23,38.4481,0.0677,0.74,0.074,5,9,5,6,6,1727,1733,1331,226,1331
26,6334.711947,1.973e-29,3579.9751,0.046,0.67,0.049,4,9,5,6,6,1727,1733,1331,226,1331
26,6335.417345,1.235e-29,3686.1198,0.0454,0.67,0.048,4,7,5,6,6,1727,1733,1331,226,1331
26,6336.013486,7.59e-30,3796.0149,0.0448,0.67,0.047,4,7,5,6,6,1727,1733,1331,226,1331
26,6336.500224,4.574e-30,3909.6562,0.0443,0.67,0.047,4,7,5,6,6,1727,1733,1331,226,1331
26,6336.877413,2.703e-30,4027.0395,0.0438,0.67,0.046,4,7,5,6,6,1727,1733,1331,226,1331
26,6337.11498,1.466e-31,4669.92,0.0413,0.67,0.044,4,7,5,6,6,1727,1733,1331,226,1331
26,6337.144907,1.568e-30,4148.1601,0.0432,0.67,0.046,4,7,5,6,6,1727,1733,1331,226,1331
26,6337.28774,2.728e-31,4533.8983,0.0417,0.67,0.044,4,7,5,6,6,1727,1733,1331,226,1331
26,6337.302557,8.919e-31,4273.0133,0.0427,0.67,0.045,4,7,5,6,6,1727,1733,1331,226,1331
26,6337.350217,4.979e-31,4401.5944,0.0422,0.67,0.045,4,7,5,6,6,1727,1733,1331,226,1331
26,6338.589511,1.099e-23,23.0695,0.0712,0.74,0.077,5,9,5,6,6,1727,1733,1331,226,1331
26,6342.644123,7.846e-24,11.535,0.0757,0.75,0.081,5,9,5,6,6,1727,1733,1331,226,1331
26,6346.594019,4.123e-24,3.845,0.0803,0.76,0.087,5,9,5,6,6,1727,1733,1331,226,1331
26,6354.179076,4.307e-24,0.0,0.0803,0.76,0.087,5,9,5,6,6,1727,1733,1331,226,1331
26,6357.813943,8.561e-24,3.845,0.0757,0.75,0.081,5,9,5,6,6,1727,1733,1331,226,1331
26,6361.343507,1.253e-23,11.535,0.0712,0.74,0.077,5,9,5,6,6,1727,1733,1331,226,1331
26,6364.767619,1.598e-23,23.0695,0.0677,0.74,0.074,5,9,5,6,6,1727,1733,1331,226,1331
26,6368.086135,1.879e-23,38.4481,0.0651,0.74,0.071,5,9,5,6,6,1727,1733,1331,226,1331
26,6371.298907,2.079e-23,57.6704,0.0632,0.74,0.069,5,9,5,6,6,1727,1733,1331,226,1331
26,6374.405788,2.196e-23,80.7354,0.0618,0.75,0.068,5,9,5,6,6,1727,1733,1331,226,1331
26,6377.406632,2.23e-23,107.6424,0.0606,0.75,0.066,5,9,5,6,6,1727,1733,1331,226,1331
26,6380.301292,2.188e-23,138.3904,0.0595,0.75,0.065,5,9,5,6,6,1727,1733,1331,226,1331
26,6383.089621,2.082e-23,172.978,0.0586,0.75,0.064,5,9,5,6,6,1727,1733,1331,226,1331
26,6385.771473,1.924e-23,211.4041,0.0577,0.75,0.063,5,9,5,6,6,1727,1733,1331,226,1331
26,6388.346702,1.731e-23,253.6672,0.0569,0.74,0.062,5,9,5,6,6,1727,1733,1331,226,1331
26,6390.81516,1.518e-23,299.7656,0.0561,0.73,0.06,5,9,5,6,6,1727,1733,1331,226,1331
26,6393.176702,1.3e-23,349.6975,0.0553,0.72,0.059,5,9,5,6,6,1727,1733,1331,226,1331
26,6395.431181,1.086e-23,403.4612,0.0545,0.71,0.059,5,9,5,6,6,1727,1733,1331,226,1331
26,6397.578451,8.872e-24,461.0545,0.0538,0.7,0.058,5,9,5,6,6,1727,1733,1331,226,1331
26,6399.618366,7.085e-24,522.4751,0.0531,0.69,0.057,5,9,5,6,6,1727,1733,1331,226,1331
26,6401.550779,5.535e-24,587.7209,0.0524,0.68,0.056,5,9,5,6,6,1727,1733,1331,226,1331
26,6403.375545,4.231e-24,656.7892,0.0517,0.67,0.055,5,9,5,6,6,1727,1733,1331,226,1331
26,6405.092516,3.166e-24,729.6774,0.051,0.67,0.054,5,9,5,6,6,1727,1733,1331,226,1331
26,6406.701548,2.32e-24,806.3828,0.0503,0.67,0.053,5,9,5,6,6,1727,1733,1331,226,1331
26,6407.338066,1.33e-31,4488.0012,0.0362,0.67,0.038,4,7,5,6,6,1727,1733,1331,226,1331
26,6408.202493,1.665e-24,886.9024,0.0496,0.67,0.053,5,9,5,6,6,1727,1733,1331,226,1331
26,6408.810651,3.109e-31,4306.1375,0.0366,0.67,0.039,4,7,5,6,6,1727,1733,1331,226,1331
26,6409.595207,1.17e-24,971.2332,0.049,0.67,0.052,5,9,5,6,6,1727,1733,1331,226,1331
26,6410.1712,7.142e-31,4127.9539,0.037,0.67,0.039,4,7,5,6,6,1727,1733,1331,226,1331
26,6410.879542,8.063e-25,1059.3718,0.0483,0.67,0.051,5,9,5,6,6,1727,1733,1331,226,1331
26,6411.419862,1.611e-30,3953.4574,0.0374,0.67,0.04,4,7,5,6,6,1727,1733,1331,226,1331
26,6412.055354,5.443e-25,1151.315,0.0477,0.67,0.051,6,9,5,6,6,1727,1733,1331,226,1331
26,6412.556783,3.566e-30,3782.6547,0.0378,0.67,0.04,4,7,5,6,6,1727,1733,1331,226,1331
26,6413.122496,3.601e-25,1247.0592,0.0471,0.67,0.05,5,9,5,6,6,1727,1733,1331,226,1331
26,6413.58211,7.75e-30,3615.5521,0.0382,0.67,0.04,4,7,5,6,6,1727,1733,1331,226,1331
26,6414.080821,2.335e-25,1346.6008,0.0465,0.67,0.049,5,9,5,6,6,1727,1733,1331,226,1331
26,6414.495991,1.653e-29,3452.1563,0.0386,0.67,0.041,4,7,5,6,6,1727,1733,1331,226,1331
26,6414.930185,1.486e-25,1449.936,0.046,0.67,0.049,5,9,5,6,6,1727,1733,1331,226,1331
26,6415.298572,3.463e-29,3292.4734,0.039,0.67,0.041,4,7,5,6,6,1727,1733,1331,226,1331
26,6415.670442,9.262e-26,1557.0607,0.0454,0.67,0.048,6,7,5,6,6,1727,1733,1331,226,1331
26,6415.989999,7.119e-29,3136.5095,0.0395,0.67,0.042,5,7,5,6,6,1727,1733,1331,226,1331
26,6416.301444,5.663e-26,1667.9709,0.0448,0.67,0.047,5,7,5,6,6,1727,1733,1331,226,1331
26,6416.57042,1.436e-28,2984.2707,0.0399,0.67,0.042,5,7,5,6,6,1727,1733,1331,226,1331
26,6416.823048,3.396e-26,1782.6624,0.0443,0.67,0.047,5,7,5,6,6,1727,1733,1331,226,1331
26,6417.039981,2.844e-28,2835.7627,0.0403,0.67,0.043,5,7,5,6,6,1727,1733,1331,226,1331
26,6417.235106,1.998e-26,1901.1308,0.0438,0.67,0.046,5,7,5,6,6,1727,1733,1331,226,1331
26,6417.398828,5.526e-28,2690.9913,0.0408,0.67,0.043,5,7,5,6,6,1727,1733,1331,226,1331
26,6417.537473,1.152e-26,2023.3715,0.0432,0.67,0.046,5,7,5,6,6,1727,1733,1331,226,1331
26,6417.647108,1.054e-27,2549.962,0.0413,0.67,0.044,5,7,5,6,6,1727,1733,1331,226,1331
26,6417.730002,6.52e-27,2149.3799,0.0427,0.67,0.045,5,7,5,6,6,1727,1733,1331,226,1331
26,6417.784966,1.972e-27,2412.6801,0.0417,0.67,0.044,5,7,5,6,6,1727,1733,1331,226,1331
26,6417.812549,3.62e-27,2279.1511,0.0422,0.67,0.045,5,7,5,6,6,1727,1733,1331,226,1331
26,8171.272244,1.237e-31,2835.7627,0.0408,0.67,0.043,4,7,5,2,6,1727,1726,1331,226,1331
26,8179.208911,1.022e-31,3284.0846,0.0483,0.67,0.051,4,7,5,6,6,1727,1726,1331,226,1331
26,8180.194742,2.55e-31,2690.9913,0.0413,0.67,0.044,4,7,5,2,6,1727,1726,1331,226,1331
26,8186.198404,1.58e-31,3192.9815,0.049,0.67,0.052,4,7,5,6,6,1727,1726,1331,226,1331
26,8188.98261,5.159e-31,2549.962,0.0417,0.67,0.044,4,7,5,2,6,1727,1726,1331,226,1331
26,8193.051262,2.396e-31,3105.6479,0.0496,0.67,0.053,4,7,5,6,6,1727,1726,1331,226,1331
26,8197.635709,1.023e-30,2412.6801,0.0422,0.67,0.045,4,7,5,2,6,1727,1726,1331,226,1331
26,8199.767342,3.557e-31,3022.0873,0.0503,0.67,0.053,4,7,5,6,6,1727,1726,1331,226,1331
26,8206.153896,1.99e-30,2279.1511,0.0427,0.67,0.045,4,7,5,2,6,1727,1726,1331,226,1331
26,8206.346497,5.172e-31,2942.3028,0.051,0.67,0.054,4,7,5,6,6,1727,1726,1331,226,1331
26,8212.788583,7.365e-31,2866.2975,0.0517,0.67,0.055,4,7,5,6,6,1727,1726,1331,226,1331
26,8214.537028,3.795e-30,2149.3799,0.0432,0.67,0.046,4,7,5,2,6,1727,1726,1331,226,1331
26,8219.093455,1.026e-30,2794.0744,0.0524,0.68,0.056,4,7,5,6,6,1727,1726,1331,226,1331
26,8222.784964,7.097e-30,2023.3715,0.0438,0.67,0.046,4,7,5,2,6,1727,1726,1331,226,1331
26,8225.260966,1.4e-30,2725.6361,0.0531,0.69,0.057,4,7,5,6,6,1727,1726,1331,226,1331
26,8230.897561,1.301e-29,1901.1308,0.0443,0.67,0.047,4,7,5,2,6,1727,1726,1331,226,1331
26,8231.290973,1.867e-30,2660.9855,0.0538,0.7,0.058,4,7,5,6,6,1727,1726,1331,226,1331
26,8237.183328,2.434e-30,2600.1249,0.0545,0.71,0.059,4,7,5,6,6,1727,1726,1331,226,1331
26,8238.874675,2.339e-29,1782.6624,0.0448,0.67,0.047,4,8,5,2,6,1727,1726,1331,226,1331
26,8242.937886,3.102e-30,2543.0567,0.0553,0.72,0.059,4,7,5,6,6,1727,1726,1331,226,1331
26,8246.716163,4.122e-29,1667.9709,0.0454,0.67,0.048,4,8,5,2,6,1727,1726,1331,226,1331
26,8248.554501,3.859e-30,2489.7831,0.0561,0.73,0.06,4,7,5,6,6,1727,1726,1331,226,1331
26,8254.033026,4.685e-30,2440.3062,0.0569,0.74,0.062,4,7,5,6,6,1727,1726,1331,226,1331
26,8254.421881,7.118e-29,1557.0607,0.046,0.67,0.049,4,8,5,2,6,1727,1726,1331,226,1331
26,8259.373316,5.544e-30,2394.6279,0.0577,0.75,0.063,4,7,5,6,6,1727,1726,1331,226,1331
26,8261.991686,1.205e-28,1449.936,0.0465,0.67,0.049,4,8,5,2,6,1727,1726,1331,226,1331
26,8264.575225,6.386e-30,2352.7499,0.0586,0.75,0.064,4,7,5,6,6,1727,1726,1331,226,1331
26,8269.425431,1.999e-28,1346.6008,0.0471,0.67,0.05,4,8,5,2,6,1727,1726,1331,226,1331
26,8269.638605,7.148e-30,2314.6739,0.0595,0.75,0.065,4,7,5,6,6,1727,1726,1331,226,1331
26,8274.56331,7.754e-30,2280.4013,0.0606,0.75,0.066,4,7,5,6,6,1727,1726,1331,226,1331
26,8276.722975,3.249e-28,1247.0592,0.0477,0.67,0.051,4,8,5,2,6,1727,1726,1331,226,1331
26,8279.349194,8.128e-30,2249.9334,0.0618,0.75,0.068,4,7,5,6,6,1727,1726,1331,226,1331
26,8283.88417,5.174e-28,1151.315,0.0483,0.67,0.051,4,8,5,2,6,1727,1726,1331,226,1331
26,8283.996111,8.191e-30,2223.2714,0.0632,0.74,0.069,4,7,5,6,6,1727,1726,1331,226,1331
26,8288.503913,7.877e-30,2200.4164,0.0651,0.74,0.071,4,7,5,6,6,1727,1726,1331,226,1331
26,8290.908873,8.072e-28,1059.3718,0.049,0.67,0.052,4,8,5,2,6,1727,1726,1331,226,1331
26,8292.872453,7.137e-30,2181.3692,0.0677,0.74,0.074,4,7,5,6,6,1727,1726,1331,226,1331
26,8297.101586,5.95e-30,2166.1305,0.0712,0.74,0.077,4,7,5,6,6,1727,1726,1331,226,1331
26,8297.796938,1.233e-27,971.2332,0.0496,0.67,0.053,4,8,5,2,6,1727,1726,1331,226,1331
26,8301.191164,4.328e-30,2154.701,0.0757,0.75,0.081,4,7,5,6,6,1727,1726,1331,226,1331
26,8304.548219,1.846e-27,886.9024,0.0503,0.67,0.053,4,8,5,2,6,1727,1726,1331,226,1331
26,8305.14104,2.317e-30,2147.0811,0.0803,0.76,0.087,4,7,5,6,6,1727,1726,1331,226,1331
26,8311.162572,2.704e-27,806.3828,0.051,0.67,0.054,4,8,5,6,6,1727,1726,1331,226,1331
26,8312.621099,2.512e-30,2143.2711,0.0803,0.76,0.087,4,7,5,6,6,1727,1726,1331,226,1331
26,8316.150989,5.087e-30,2147.0811,0.0757,0.75,0.081,4,7,5,6,6,1727,1726,1331,226,1331
26,8317.63985,3.878e-27,729.6774,0.0517,0.67,0.055,4,8,5,6,6,1727,1726,1331,226,1331
26,8319.54059,7.581e-30,2154.701,0.0712,0.74,0.077,4,7,5,6,6,1727,1726,1331,226,1331
26,8322.789754,9.858e-30,2166.1305,0.0677,0.74,0.074,4,7,5,6,6,1727,1726,1331,226,1331
26,8323.979908,5.442e-27,656.7892,0.0524,0.68,0.056,4,8,5,6,6,1727,1726,1331,226,1331
26,8325.898335,1.18e-29,2181.3692,0.0651,0.74,0.071,4,7,5,6,6,1727,1726,1331,226,1331
26,8328.866186,1.33e-29,2200.4164,0.0632,0.74,0.069,4,7,5,6,6,1727,1726,1331,226,1331
26,8330.182598,7.47e-27,587.7209,0.0531,0.69,0.057,4,8,5,6,6,1727,1726,1331,226,1331
26,8331.69316,1.43e-29,2223.2714,0.0618,0.75,0.068,4,7,5,6,6,1727,1726,1331,226,1331
26,8334.37911,1.48e-29,2249.9334,0.0606,0.75,0.066,4,7,5,6,6,1727,1726,1331,226,1331
26,8336.247777,1.002e-26,522.4751,0.0538,0.7,0.058,4,8,5,6,6,1727,1726,1331,226,1331
26,8336.923889,1.479e-29,2280.4013,0.0595,0.75,0.065,4,7,5,6,6,1727,1726,1331,226,1331
26,8339.32735,1.433e-29,2314.6739,0.0586,0.75,0.064,4,7,5,6,6,1727,1726,1331,226,1331
26,8341.589346,1.349e-29,2352.7499,0.0577,0.75,0.063,4,7,5,6,6,1727,1726,1331,226,1331
26,8342.175296,1.316e-26,461.0545,0.0545,0.71,0.059,4,8,5,6,6,1727,1726,1331,226,1331
26,8343.709731,1.236e-29,2394.6279,0.0569,0.74,0.062,4,7,5,6,6,1727,1726,1331,226,1331
26,8345.688356,1.105e-29,2440.3062,0.0561,0.73,0.06,4,7,5,6,6,1727,1726,1331,226,1331
26,8347.525076,9.627e-30,2489.7831,0.0553,0.72,0.059,4,7,5,6,6,1727,1726,1331,226,1331
26,8347.96501,1.686e-26,403.4612,0.0553,0.72,0.059,4,8,5,6,6,1727,1726,1331,226,1331
26,8349.219743,8.194e-30,2543.0567,0.0545,0.71,0.059,4,7,5,6,6,1727,1726,1331,226,1331
26,8350.77221,6.817e-30,2600.1249,0.0538,0.7,0.058,4,7,5,6,6,1727,1726,1331,226,1331
26,8352.18233,5.544e-30,2660.9855,0.0531,0.69,0.057,4,7,5,6,6,1727,1726,1331,226,1331
26,8353.449957,4.411e-30,2725.6361,0.0524,0.68,0.056,4,7,5,6,6,1727,1726,1331,226,1331
26,8353.616772,2.11e-26,349.6975,0.0561,0.73,0.06,4,8,5,6,6,1727,1726,1331,226,1331
26,8354.574942,3.434e-30,2794.0744,0.0517,0.67,0.055,4,7,5,6,6,1727,1726,1331,226,1331
26,8355.55714,2.618e-30,2866.2975,0.051,0.67,0.054,4,7,5,6,6,1727,1726,1331,226,1331
26,8356.396403,1.954e-30,2942.3028,0.0503,0.67,0.053,4,7,5,6,6,1727,1726,1331,226,1331
26,8357.092584,1.429e-30,3022.0873,0.0496,0.67,0.053,4,7,5,6,6,1727,1726,1331,226,1331
26,8357.645536,1.023e-30,3105.6479,0.049,0.67,0.052,4,7,5,6,6,1727,1726,1331,226,1331
26,8358.055111,7.178e-31,3192.9815,0.0483,0.67,0.051,4,7,5,6,6,1727,1726,1331,226,1331
26,8358.256703,1.425e-31,3579.9751,0.046,0.67,0.049,4,7,5,6,6,1727,1726,1331,226,1331
26,8358.321163,4.937e-31,3284.0846,0.0477,0.67,0.051,4,7,5,6,6,1727,1726,1331,226,1331
26,8358.422106,2.199e-31,3477.5851,0.0465,0.67,0.049,4,7,5,6,6,1727,1726,1331,226,1331
26,8358.443543,3.328e-31,3378.9537,0.0471,0.67,0.05,4,7,5,6,6,1727,1726,1331,226,1331
26,8359.130436,2.576e-26,299.7656,0.0569,0.74,0.062,4,8,5,6,6,1727,1726,1331,226,1331
26,8364.505854,3.063e-26,253.6672,0.0577,0.75,0.063,4,8,5,6,6,1727,1726,1331,226,1331
26,8369.742881,3.546e-26,211.4041,0.0586,0.75,0.064,4,8,5,6,6,1727,1726,1331,226,1331
26,8374.841369,3.987e-26,172.978,0.0595,0.75,0.065,4,8,5,6,6,1727,1726,1331,226,1331
26,8379.801173,4.345e-26,138.3904,0.0606,0.75,0.066,4,8,5,6,6,1727,1726,1331,226,1331
26,8384.622144,4.573e-26,107.6424,0.0618,0.75,0.068,4,8,5,6,6,1727,1726,1331,226,1331
26,8389.304136,4.626e-26,80.7354,0.0632,0.74,0.069,4,8,5,6,6,1727,1726,1331,226,1331
26,8393.847002,4.465e-26,57.6704,0.0651,0.74,0.071,4,8,5,6,6,1727,1726,1331,226,1331
26,8398.250596,4.06e-26,38.4481,0.0677,0.74,0.074,4,8,5,6,6,1727,1726,1331,226,1331
26,8402.51477,3.395e-26,23.0695,0.0712,0.74,0.077,4,8,5,6,6,1727,1726,1331,226,1331
26,8406.639377,2.476e-26,11.535,0.0757,0.75,0.081,4,8,5,6,6,1727,1726,1331,226,1331
26,8410.624271,1.33e-26,3.845,0.0803,0.76,0.087,4,8,5,6,6,1727,1726,1331,226,1331
26,8418.17433,1.448e-26,0.0,0.0803,0.76,0.087,4,8,5,6,6,1727,1726,1331,226,1331
26,8421.739202,2.939e-26,3.845,0.0757,0.75,0.081,4,8,5,6,6,1727,1726,1331,226,1331
26,8425.163773,4.388e-26,11.535,0.0712,0.74,0.077,4,8,5,6,6,1727,1726,1331,226,1331
26,8428.447896,5.715e-26,23.0695,0.0677,0.74,0.074,4,8,5,6,6,1727,1726,1331,226,1331
26,8431.591424,6.848e-26,38.4481,0.0651,0.74,0.071,4,8,5,6,6,1727,1726,1331,226,1331
26,8434.594211,7.729e-26,57.6704,0.0632,0.74,0.069,4,8,5,6,6,1727,1726,1331,226,1331
26,8437.456109,8.323e-26,80.7354,0.0618,0.75,0.068,4,8,5,6,6,1727,1726,1331,226,1331
26,8440.176972,8.615e-26,107.6424,0.0606,0.75,0.066,4,8,5,6,6,1727,1726,1331,226,1331
26,8442.756653,8.615e-26,138.3904,0.0595,0.75,0.065,4,8,5,6,6,1727,1726,1331,226,1331
26,8445.195006,8.349e-26,172.978,0.0586,0.75,0.064,4,8,5,6,6,1727,1726,1331,226,1331
26,8445.416284,1.11e-31,3452.1563,0.0386,0.67,0.041,4,7,5,2,6,1727,1726,1331,226,1331
26,8447.491884,7.861e-26,211.4041,0.0577,0.75,0.063,4,8,5,6,6,1727,1726,1331,226,1331
26,8447.724008,2.295e-31,3292.4734,0.039,0.67,0.041,4,7,5,2,6,1727,1726,1331,226,1331
26,8449.64714,7.204e-26,253.6672,0.0569,0.74,0.062,4,8,5,6,6,1727,1726,1331,226,1331
26,8449.885558,4.654e-31,3136.5095,0.0395,0.67,0.042,4,7,5,2,6,1727,1726,1331,226,1331
26,8451.660627,6.432e-26,299.7656,0.0561,0.73,0.06,4,8,5,6,6,1727,1726,1331,226,1331
26,8451.901082,9.262e-31,2984.2707,0.0399,0.67,0.042,4,7,5,2,6,1727,1726,1331,226,1331
26,8453.5322,5.604e-26,349.6975,0.0553,0.72,0.059,4,8,5,6,6,1727,1726,1331,226,1331
26,8453.77073,1.809e-30,2835.7627,0.0403,0.67,0.043,4,7,5,2,6,1727,1726,1331,226,1331
26,8455.261712,4.767e-26,403.4612,0.0545,0.71,0.059,4,8,5,6,6,1727,1726,1331,226,1331
26,8455.494648,3.467e-30,2690.9913,0.0408,0.67,0.043,4,7,5,2,6,1727,1726,1331,226,1331
26,8456.849015,3.961e-26,461.0545,0.0538,0.7,0.058,4,8,5,6,6,1727,1726,1331,226,1331
26,8457.072984,6.519e-30,2549.962,0.0413,0.67,0.044,4,7,5,2,6,1727,1726,1331,226,1331
26,8458.293964,3.218e-26,522.4751,0.0531,0.69,0.057,4,8,5,6,6,1727,1726,1331,226,1331
26,8458.505886,1.203e-29,2412.6801,0.0417,0.67,0.044,4,7,5,2,6,1727,1726,1331,226,1331
26,8459.596412,2.557e-26,587.7209,0.0524,0.68,0.056,4,8,5,6,6,1727,1726,1331,226,1331
26,8459.793502,2.177e-29,2279.1511,0.0422,0.67,0.045,4,7,5,2,6,1727,1726,1331,226,1331
26,8460.756213,1.988e-26,656.7892,0.0517,0.67,0.055,4,8,5,6,6,1727,1726,1331,226,1331
26,8460.935978,3.865e-29,2149.3799,0.0427,0.67,0.045,4,7,5,2,6,1727,1726,1331,226,1331
26,8461.773221,1.512e-26,729.6774,0.051,0.67,0.054,4,8,5,6,6,1727,1726,1331,226,1331
26,8461.933462,6.733e-29,2023.3715,0.0432,0.67,0.046,4,7,5,2,6,1727,1726,1331,226,1331
26,8462.647288,1.127e-26,806.3828,0.0503,0.67,0.053,4,8,5,2,6,1727,1726,1331,226,1331
26,8462.7861,1.15e-28,1901.1308,0.0438,0.67,0.046,4,7,5,2,6,1727,1726,1331,226,1331
26,8463.378268,8.218e-27,886.9024,0.0496,0.67,0.053,4,8,5,2,6,1727,1726,1331,226,1331
26,8463.49404,1.927e-28,1782.6624,0.0443,0.67,0.047,4,7,5,2,6,1727,1726,1331,226,1331
26,8463.966016,5.872e-27,971.2332,0.049,0.67,0.052,4,8,5,2,6,1727,1726,1331,226,1331
26,8464.057428,3.166e-28,1667.9709,0.0448,0.67,0.047,4,8,5,2,6,1727,1726,1331,226,1331
26,8464.410385,4.11e-27,1059.3718,0.0483,0.67,0.051,4,8,5,2,6,1727,1726,1331,226,1331
26,8464.476412,5.101e-28,1557.0607,0.0454,0.67,0.048,4,8,5,2,6,1727,1726,1331,226,1331
26,8464.711227,2.819e-27,1151.315,0.0477,0.67,0.051,4,8,5,2,6,1727,1726,1331,226,1331
26,8464.751137,8.058e-28,1449.936,0.046,0.67,0.049,4,8,5,2,6,1727,1726,1331,226,1331
26,8464.868398,1.894e-27,1247.0592,0.0471,0.67,0.05,4,8,5,2,6,1727,1726,1331,226,1331
26,8464.88175,1.248e-27,1346.6008,0.0465,0.67,0.049,4,8,5,2,6,1727,1726,1331,226,1331
